,ApplyEyeMakeup,ApplyLipstick,Archery,BabyCrawling,BalanceBeam,BandMarching,BaseballPitch,Basketball,BasketballDunk,BenchPress,Biking,Billiards,BlowDryHair,BlowingCandles,BodyWeightSquats,Bowling,BoxingPunchingBag,BoxingSpeedBag,BreastStroke,BrushingTeeth,CleanAndJerk,CliffDiving,CricketBowling,CricketShot,CuttingInKitchen,Diving,Drumming,Fencing,FieldHockeyPenalty,FloorGymnastics,FrisbeeCatch,FrontCrawl,GolfSwing,Haircut,HammerThrow,Hammering,HandstandPushups,HandstandWalking,HeadMassage,HighJump,HorseRace,HorseRiding,HulaHoop,IceDancing,JavelinThrow,JugglingBalls,JumpRope,JumpingJack,Kayaking,Knitting,LongJump,Lunges,MilitaryParade,Mixing,MoppingFloor,Nunchucks,ParallelBars,PizzaTossing,PlayingCello,PlayingDaf,PlayingDhol,PlayingFlute,PlayingGuitar,PlayingPiano,PlayingSitar,PlayingTabla,PlayingViolin,PoleVault,PommelHorse,PullUps,Punch,PushUps,Rafting,RockClimbingIndoor,RopeClimbing,Rowing,SalsaSpin,ShavingBeard,Shotput,SkateBoarding,Skiing,Skijet,SkyDiving,SoccerJuggling,SoccerPenalty,StillRings,SumoWrestling,Surfing,Swing,TableTennisShot,TaiChi,TennisSwing,ThrowDiscus,TrampolineJumping,Typing,UnevenBars,VolleyballSpiking,WalkingWithDog,WallPushups,WritingOnBoard,YoYo
ApplyEyeMakeup,0.7310344827586207,0.0,0.0,0.0,0.0,0.0,0.0,0.0,0.0,0.013793103448275862,0.0,0.0,0.0,0.0,0.006896551724137931,0.0,0.006896551724137931,0.0,0.0,0.0,0.0,0.0,0.0,0.0,0.0,0.0,0.0,0.0,0.0,0.0,0.0,0.006896551724137931,0.0,0.10344827586206896,0.0,0.0,0.0,0.0,0.020689655172413793,0.0,0.0,0.0,0.0,0.0,0.0,0.0,0.0,0.0,0.0,0.0,0.0,0.0,0.0,0.013793103448275862,0.0,0.0,0.0,0.0,0.0,0.0,0.0,0.05517241379310345,0.0,0.0,0.0,0.0,0.0,0.0,0.0,0.0,0.020689655172413793,0.0,0.0,0.0,0.0,0.0,0.0,0.013793103448275862,0.0,0.0,0.0,0.0,0.0,0.0,0.0,0.0,0.0,0.0,0.0,0.0,0.0,0.0,0.0,0.0,0.0,0.0,0.0,0.0,0.0,0.0,0.006896551724137931
ApplyLipstick,0.5964912280701754,0.017543859649122806,0.0,0.03508771929824561,0.0,0.0,0.0,0.0,0.0,0.0,0.0,0.0,0.0,0.0,0.02631578947368421,0.008771929824561403,0.008771929824561403,0.0,0.0,0.05263157894736842,0.0,0.0,0.0,0.0,0.0,0.0,0.0,0.0,0.0,0.0,0.0,0.0,0.0,0.14035087719298245,0.0,0.0,0.0,0.0,0.008771929824561403,0.0,0.0,0.0,0.0,0.0,0.0,0.0,0.0,0.0,0.0,0.0,0.0,0.0,0.0,0.0,0.0,0.0,0.0,0.0,0.0,0.0,0.0,0.06140350877192982,0.0,0.0,0.0,0.0,0.0,0.0,0.0,0.0,0.0,0.0,0.0,0.0,0.0,0.0,0.0,0.043859649122807015,0.0,0.0,0.0,0.0,0.0,0.0,0.0,0.0,0.0,0.0,0.0,0.0,0.0,0.0,0.0,0.0,0.0,0.0,0.0,0.0,0.0,0.0,0.0
Archery,0.0,0.0,0.5379310344827586,0.0,0.0,0.0,0.0,0.0,0.0,0.0,0.0,0.0,0.0,0.0,0.013793103448275862,0.0,0.027586206896551724,0.0,0.0,0.006896551724137931,0.020689655172413793,0.0,0.0,0.0,0.0,0.0,0.0,0.0,0.0,0.0,0.0,0.034482758620689655,0.0896551724137931,0.0,0.0,0.0,0.0,0.0,0.0,0.0,0.0,0.0,0.0,0.0,0.013793103448275862,0.0,0.0,0.0,0.0,0.0,0.0,0.0,0.013793103448275862,0.006896551724137931,0.0,0.006896551724137931,0.006896551724137931,0.0,0.0,0.0,0.0,0.006896551724137931,0.0,0.0,0.027586206896551724,0.020689655172413793,0.0,0.0,0.0,0.0,0.0,0.0,0.0,0.0,0.041379310344827586,0.013793103448275862,0.0,0.0,0.0,0.013793103448275862,0.013793103448275862,0.0,0.006896551724137931,0.0,0.0,0.0,0.0,0.06896551724137931,0.0,0.0,0.0,0.006896551724137931,0.0,0.0,0.0,0.0,0.0,0.0,0.0,0.0,0.0
BabyCrawling,0.0,0.0,0.0,0.2878787878787879,0.0,0.0,0.0,0.0,0.0,0.0,0.0,0.007575757575757576,0.0,0.0,0.007575757575757576,0.09090909090909091,0.0,0.0,0.0,0.0,0.015151515151515152,0.0,0.007575757575757576,0.0,0.0,0.0,0.0,0.0,0.0,0.022727272727272728,0.0,0.007575757575757576,0.0,0.0,0.0,0.0,0.0,0.007575757575757576,0.045454545454545456,0.0,0.0,0.0,0.0,0.0,0.0,0.015151515151515152,0.015151515151515152,0.0,0.0,0.0,0.0,0.0,0.0,0.0,0.25,0.0,0.0,0.0,0.0,0.0,0.0,0.0,0.0,0.007575757575757576,0.0,0.0,0.0,0.0,0.0,0.0,0.007575757575757576,0.0,0.0,0.0,0.022727272727272728,0.015151515151515152,0.0,0.0,0.0,0.022727272727272728,0.045454545454545456,0.0,0.0,0.0,0.0,0.0,0.05303030303030303,0.0,0.0,0.007575757575757576,0.0,0.0,0.0,0.0,0.0,0.0,0.0,0.030303030303030304,0.007575757575757576,0.0,0.0
BalanceBeam,0.0,0.0,0.0,0.0,0.5092592592592593,0.0,0.0,0.0,0.0,0.009259259259259259,0.0,0.009259259259259259,0.0,0.0,0.0,0.0,0.0,0.0,0.0,0.0,0.0,0.0,0.0,0.0,0.009259259259259259,0.0,0.0,0.0,0.06481481481481481,0.08333333333333333,0.0,0.0,0.0,0.0,0.0,0.0,0.0,0.0,0.0,0.009259259259259259,0.0,0.0,0.0,0.0,0.0,0.0,0.0,0.0,0.0,0.0,0.0,0.0,0.0,0.0,0.0,0.0,0.19444444444444445,0.0,0.0,0.0,0.0,0.0,0.0,0.0,0.0,0.0,0.0,0.0,0.009259259259259259,0.0,0.0,0.0,0.0,0.0,0.0,0.0,0.0,0.0,0.0,0.0,0.0,0.0,0.0,0.0,0.0,0.0,0.027777777777777776,0.0,0.0,0.07407407407407407,0.0,0.0,0.0,0.0,0.0,0.0,0.0,0.0,0.0,0.0,0.0
BandMarching,0.0,0.0,0.0,0.0,0.0,0.5806451612903226,0.0064516129032258064,0.0064516129032258064,0.0,0.0,0.0,0.0,0.0,0.0064516129032258064,0.0064516129032258064,0.0,0.0064516129032258064,0.0,0.0,0.0,0.0,0.0,0.0,0.0,0.0,0.012903225806451613,0.05161290322580645,0.0,0.0,0.01935483870967742,0.0,0.0064516129032258064,0.0,0.0,0.0,0.0,0.0,0.01935483870967742,0.0,0.0,0.0064516129032258064,0.0,0.0,0.1032258064516129,0.0,0.0,0.0,0.0,0.0,0.0,0.0,0.0,0.06451612903225806,0.0,0.0,0.0,0.0,0.0,0.0,0.0,0.0,0.012903225806451613,0.04516129032258064,0.0,0.0,0.0,0.0,0.0,0.0,0.0,0.0,0.0,0.0,0.0,0.0,0.012903225806451613,0.0,0.0,0.0,0.012903225806451613,0.012903225806451613,0.0,0.0,0.0,0.0064516129032258064,0.0,0.0,0.0,0.0,0.0,0.0,0.0,0.0,0.0,0.0,0.0,0.0,0.0,0.0,0.0,0.0
BaseballPitch,0.0,0.0,0.0,0.0,0.0,0.0,0.9,0.0,0.0,0.0,0.0,0.0,0.0,0.0,0.0,0.0,0.0,0.0,0.0,0.0,0.0,0.0,0.006666666666666667,0.0,0.0,0.0,0.0,0.0,0.0,0.0,0.0,0.0,0.03333333333333333,0.0,0.0,0.0,0.0,0.0,0.0,0.0,0.0,0.0,0.0,0.0,0.0,0.0,0.0,0.0,0.0,0.0,0.0,0.0,0.0,0.0,0.0,0.0,0.0,0.0,0.0,0.0,0.0,0.0,0.0,0.0,0.0,0.0,0.0,0.0,0.0,0.0,0.0,0.0,0.0,0.0,0.0,0.0,0.0,0.0,0.0,0.0,0.0,0.0,0.0,0.0,0.0,0.0,0.0,0.0,0.0,0.0,0.0,0.04,0.0,0.0,0.0,0.0,0.0,0.0,0.02,0.0,0.0
Basketball,0.0,0.0,0.0,0.0,0.0,0.0,0.0,0.5,0.13432835820895522,0.0,0.0,0.0,0.0,0.0,0.0,0.0,0.0,0.0,0.0,0.0,0.007462686567164179,0.0,0.0,0.0,0.0,0.007462686567164179,0.0,0.0,0.05970149253731343,0.007462686567164179,0.0,0.014925373134328358,0.05970149253731343,0.0,0.0,0.0,0.0,0.0,0.0,0.0,0.0,0.0,0.0,0.007462686567164179,0.0,0.0,0.0,0.0,0.0,0.0,0.0,0.0,0.0,0.0,0.0,0.0,0.0,0.0,0.0,0.0,0.0,0.0,0.0,0.0,0.0,0.0,0.0,0.0,0.007462686567164179,0.0,0.0,0.0,0.0,0.0,0.0,0.0,0.0,0.0,0.0,0.07462686567164178,0.0,0.0,0.0,0.0,0.0,0.0,0.0,0.007462686567164179,0.0,0.0,0.0,0.11194029850746269,0.0,0.0,0.0,0.0,0.0,0.0,0.0,0.0,0.0
BasketballDunk,0.0,0.0,0.0,0.0,0.0,0.0,0.0,0.8015267175572519,0.007633587786259542,0.0,0.0,0.0,0.0,0.0,0.0,0.0,0.0,0.0,0.0,0.0,0.0,0.0,0.0,0.0,0.0,0.0,0.0,0.0,0.15267175572519084,0.0,0.0,0.0,0.0,0.0,0.0,0.0,0.0,0.0,0.0,0.0,0.0,0.0,0.0,0.007633587786259542,0.0,0.0,0.0,0.0,0.0,0.0,0.0,0.0,0.0,0.0,0.0,0.0,0.0,0.0,0.0,0.0,0.0,0.0,0.0,0.0,0.0,0.0,0.0,0.0,0.0,0.0,0.0,0.0,0.0,0.0,0.0,0.0,0.0,0.0,0.0,0.007633587786259542,0.0,0.0,0.0,0.0,0.0,0.0,0.0,0.0,0.0,0.015267175572519083,0.0,0.007633587786259542,0.0,0.0,0.0,0.0,0.0,0.0,0.0,0.0,0.0
BenchPress,0.0,0.0,0.0,0.0,0.0,0.0,0.0,0.0,0.0,0.0,0.0,0.0,0.0,0.0,0.125,0.0,0.0,0.0,0.0,0.0,0.0,0.0,0.0,0.0,0.0,0.0,0.0,0.0,0.0,0.04375,0.0,0.0,0.0,0.0,0.0,0.0,0.0,0.0,0.0,0.0,0.0,0.0,0.0,0.0,0.0,0.0,0.0,0.0,0.0,0.0,0.0,0.0,0.0,0.0,0.0,0.0,0.0,0.0,0.0,0.0,0.0,0.0,0.0,0.0,0.0,0.0,0.0,0.0,0.0,0.0,0.83125,0.0,0.0,0.0,0.0,0.0,0.0,0.0,0.0,0.0,0.0,0.0,0.0,0.0,0.0,0.0,0.0,0.0,0.0,0.0,0.0,0.0,0.0,0.0,0.0,0.0,0.0,0.0,0.0,0.0,0.0
Biking,0.0,0.0,0.0,0.0,0.0,0.0,0.0,0.0,0.0,0.007462686567164179,0.8582089552238806,0.0,0.0,0.0,0.0,0.0,0.0,0.0,0.0,0.0,0.0,0.0,0.0,0.0,0.0,0.007462686567164179,0.0,0.0,0.0,0.0,0.0,0.0,0.007462686567164179,0.0,0.0,0.0,0.0,0.04477611940298507,0.0,0.0,0.0,0.0,0.0,0.0,0.0,0.0,0.0,0.0,0.0,0.0,0.0,0.0,0.0,0.0,0.0,0.0,0.0,0.0,0.0,0.0,0.0,0.0,0.0,0.0,0.0,0.0,0.0,0.0,0.0,0.0,0.0,0.0,0.0,0.0,0.0,0.0,0.0,0.0,0.0,0.06716417910447761,0.0,0.0,0.0,0.0,0.0,0.0,0.0,0.007462686567164179,0.0,0.0,0.0,0.0,0.0,0.0,0.0,0.0,0.0,0.0,0.0,0.0,0.0
Billiards,0.0,0.0,0.0,0.0,0.0,0.0,0.0,0.0,0.0,0.0,0.0,0.32,0.0,0.0,0.0,0.0,0.0,0.0,0.0,0.0,0.0,0.0,0.0,0.0,0.0,0.0,0.0,0.0,0.0,0.0,0.0,0.0,0.0,0.0,0.0,0.0,0.0,0.0,0.0,0.0,0.0,0.0,0.0,0.0,0.0,0.0,0.0,0.0,0.0,0.0,0.0,0.0,0.0,0.0,0.0,0.0,0.0,0.0,0.0,0.0,0.0,0.0,0.0,0.0,0.0,0.0,0.0,0.0,0.0,0.0,0.0,0.0,0.0,0.0,0.0,0.0,0.0,0.0,0.0,0.0,0.0,0.0,0.0,0.0,0.0,0.0,0.0,0.0,0.0,0.68,0.0,0.0,0.0,0.0,0.0,0.0,0.0,0.0,0.0,0.0,0.0
BlowDryHair,0.03816793893129771,0.0,0.007633587786259542,0.007633587786259542,0.0,0.0,0.007633587786259542,0.0,0.0,0.007633587786259542,0.0,0.0,0.0,0.007633587786259542,0.015267175572519083,0.0,0.04580152671755725,0.015267175572519083,0.0,0.0,0.0,0.0,0.0,0.0,0.0,0.0,0.0,0.0,0.0,0.0,0.0,0.0,0.0,0.7175572519083969,0.0,0.0,0.0,0.0,0.015267175572519083,0.0,0.0,0.007633587786259542,0.0,0.0,0.0,0.0,0.0,0.0,0.0,0.0,0.0,0.0,0.015267175572519083,0.0,0.0,0.030534351145038167,0.0,0.0,0.0,0.0,0.0,0.0,0.0,0.007633587786259542,0.0,0.0,0.0,0.0,0.0,0.0,0.007633587786259542,0.0,0.0,0.0,0.0,0.0,0.0,0.022900763358778626,0.0,0.0,0.0,0.007633587786259542,0.0,0.0,0.007633587786259542,0.0,0.0,0.0,0.0,0.0,0.0,0.0,0.0,0.0,0.007633587786259542,0.0,0.0,0.0,0.0,0.0,0.0
BlowingCandles,0.009174311926605505,0.0,0.0,0.01834862385321101,0.0,0.0,0.0,0.0,0.0,0.009174311926605505,0.0,0.13761467889908258,0.0,0.44954128440366975,0.0,0.0,0.0,0.0,0.0,0.0,0.009174311926605505,0.0,0.0,0.0,0.009174311926605505,0.009174311926605505,0.009174311926605505,0.0,0.0,0.0,0.0,0.009174311926605505,0.0,0.0,0.0,0.0,0.0,0.009174311926605505,0.0,0.0,0.0,0.0,0.0,0.03669724770642202,0.0,0.009174311926605505,0.0,0.0,0.0,0.0,0.0,0.0,0.0,0.0,0.0,0.009174311926605505,0.0,0.01834862385321101,0.0,0.0,0.0,0.0,0.0,0.009174311926605505,0.0,0.027522935779816515,0.0,0.0,0.0,0.0,0.01834862385321101,0.0,0.0,0.0,0.0,0.0,0.0,0.009174311926605505,0.0,0.027522935779816515,0.0,0.0,0.0,0.0,0.009174311926605505,0.0,0.01834862385321101,0.0,0.0,0.11926605504587157,0.0,0.0,0.0,0.0,0.0,0.009174311926605505,0.0,0.0,0.0,0.0,0.0
BodyWeightSquats,0.0,0.0,0.0,0.0,0.0625,0.0,0.0,0.0,0.0,0.008928571428571428,0.008928571428571428,0.008928571428571428,0.0,0.0,0.375,0.0,0.026785714285714284,0.0,0.0,0.0,0.017857142857142856,0.0,0.0,0.0,0.03571428571428571,0.0,0.0,0.008928571428571428,0.0,0.044642857142857144,0.0,0.026785714285714284,0.05357142857142857,0.008928571428571428,0.0,0.0,0.03571428571428571,0.008928571428571428,0.0,0.0,0.0,0.0,0.0,0.05357142857142857,0.0,0.0,0.0,0.0,0.0,0.0,0.0,0.0,0.0,0.0,0.0,0.008928571428571428,0.0,0.0,0.0,0.0,0.0,0.0,0.0,0.0,0.0,0.0,0.0,0.0,0.0,0.0,0.0,0.0,0.0,0.0,0.0,0.0,0.0,0.0,0.0,0.0625,0.0,0.0,0.0,0.0,0.0,0.0,0.026785714285714284,0.0,0.0,0.026785714285714284,0.008928571428571428,0.05357142857142857,0.0,0.0,0.0,0.0,0.0,0.0,0.026785714285714284,0.0,0.0
Bowling,0.0,0.0,0.0,0.0,0.0,0.0,0.0,0.0,0.0,0.0,0.0,0.0,0.0,0.0,0.0,1.0,0.0,0.0,0.0,0.0,0.0,0.0,0.0,0.0,0.0,0.0,0.0,0.0,0.0,0.0,0.0,0.0,0.0,0.0,0.0,0.0,0.0,0.0,0.0,0.0,0.0,0.0,0.0,0.0,0.0,0.0,0.0,0.0,0.0,0.0,0.0,0.0,0.0,0.0,0.0,0.0,0.0,0.0,0.0,0.0,0.0,0.0,0.0,0.0,0.0,0.0,0.0,0.0,0.0,0.0,0.0,0.0,0.0,0.0,0.0,0.0,0.0,0.0,0.0,0.0,0.0,0.0,0.0,0.0,0.0,0.0,0.0,0.0,0.0,0.0,0.0,0.0,0.0,0.0,0.0,0.0,0.0,0.0,0.0,0.0,0.0
BoxingPunchingBag,0.0,0.0,0.0,0.0,0.0,0.0,0.0,0.0,0.0,0.0,0.0,0.018404907975460124,0.0,0.0,0.15950920245398773,0.0,0.17791411042944785,0.50920245398773,0.0,0.0,0.0,0.0,0.0,0.0,0.0,0.0,0.0,0.0,0.0,0.024539877300613498,0.0,0.012269938650306749,0.0,0.0,0.0,0.0,0.0,0.0,0.0,0.0,0.0,0.0,0.0,0.0,0.0,0.0,0.0,0.0,0.0,0.0,0.0,0.0,0.0,0.0,0.0,0.0,0.012269938650306749,0.0,0.0,0.0,0.0,0.0,0.0,0.006134969325153374,0.0,0.0,0.0,0.0,0.0,0.0,0.03067484662576687,0.0,0.0,0.0,0.0,0.0,0.0,0.0,0.0,0.03680981595092025,0.0,0.0,0.0,0.0,0.0,0.0,0.0,0.0,0.0,0.0,0.0,0.006134969325153374,0.0,0.0,0.006134969325153374,0.0,0.0,0.0,0.0,0.0,0.0
BoxingSpeedBag,0.029850746268656716,0.0,0.08208955223880597,0.0,0.0,0.0,0.0,0.007462686567164179,0.029850746268656716,0.1791044776119403,0.0,0.029850746268656716,0.0,0.0,0.014925373134328358,0.0,0.05970149253731343,0.014925373134328358,0.0,0.0,0.0,0.0,0.0,0.007462686567164179,0.06716417910447761,0.0,0.04477611940298507,0.0,0.029850746268656716,0.022388059701492536,0.0,0.05970149253731343,0.0,0.014925373134328358,0.0,0.0,0.04477611940298507,0.0,0.03731343283582089,0.0,0.0,0.0,0.0,0.0,0.0,0.0,0.0,0.0,0.0,0.0,0.0,0.0,0.0,0.0,0.06716417910447761,0.0,0.0,0.0,0.0,0.0,0.0,0.007462686567164179,0.0,0.0,0.0,0.04477611940298507,0.0,0.03731343283582089,0.0,0.0,0.0,0.0,0.0,0.0,0.0,0.0,0.0,0.0,0.0,0.007462686567164179,0.0,0.0,0.0,0.0,0.0,0.0,0.029850746268656716,0.0,0.0,0.0,0.0,0.0,0.0,0.0,0.0,0.0,0.0,0.0,0.007462686567164179,0.022388059701492536,0.0
BreastStroke,0.0,0.0,0.0,0.0,0.0,0.0,0.0,0.0,0.0,0.0,0.0,0.0,0.0,0.0,0.0,0.0,0.0,0.0,0.0,0.0,0.0,0.019801980198019802,0.0,0.0,0.0,0.5346534653465347,0.0,0.0,0.0,0.0,0.0,0.0,0.0,0.0,0.009900990099009901,0.0,0.0,0.0,0.0,0.0,0.0,0.0,0.0,0.04950495049504951,0.0,0.0,0.0,0.0,0.0,0.0,0.0,0.0,0.0,0.0,0.0,0.0,0.0,0.0,0.0,0.0,0.0,0.0,0.0,0.0,0.0,0.0,0.0,0.0,0.0,0.0,0.0,0.0,0.0,0.0,0.0,0.18811881188118812,0.0,0.0,0.0,0.0,0.009900990099009901,0.0,0.0,0.0,0.0,0.0,0.0,0.0,0.0,0.0,0.0,0.0,0.0,0.18811881188118812,0.0,0.0,0.0,0.0,0.0,0.0,0.0
BrushingTeeth,0.1297709923664122,0.0,0.0,0.007633587786259542,0.0,0.0,0.0,0.015267175572519083,0.0,0.04580152671755725,0.0,0.0,0.0,0.0,0.0,0.0,0.0,0.0,0.0,0.2748091603053435,0.0,0.0,0.0,0.0,0.030534351145038167,0.0,0.0,0.0,0.0,0.0,0.0,0.05343511450381679,0.0,0.0916030534351145,0.0,0.0,0.0,0.0,0.11450381679389313,0.0,0.0,0.0,0.0,0.022900763358778626,0.0,0.0,0.0,0.0,0.0,0.0,0.0,0.0,0.007633587786259542,0.0,0.0,0.0,0.0,0.0,0.0,0.0,0.0,0.1450381679389313,0.0,0.0,0.0,0.0,0.0,0.0,0.0,0.0,0.0,0.0,0.0,0.0,0.0,0.0,0.0,0.061068702290076333,0.0,0.0,0.0,0.0,0.0,0.0,0.0,0.0,0.0,0.0,0.0,0.0,0.0,0.0,0.0,0.0,0.0,0.0,0.0,0.0,0.0,0.0,0.0
CleanAndJerk,0.0,0.0,0.0,0.0,0.008928571428571428,0.0,0.0,0.05357142857142857,0.0,0.0,0.0,0.026785714285714284,0.0,0.0,0.75,0.0,0.017857142857142856,0.0,0.0,0.0,0.0,0.0,0.0,0.0,0.0,0.0,0.0,0.0,0.0,0.044642857142857144,0.0,0.017857142857142856,0.0,0.0,0.0,0.0,0.0,0.0,0.0,0.0,0.0,0.0,0.0,0.0,0.0,0.0,0.0,0.0,0.0,0.0,0.0,0.0,0.0,0.0,0.0,0.0,0.044642857142857144,0.0,0.0,0.0,0.0,0.0,0.0,0.0,0.0,0.0,0.0,0.0,0.0,0.0,0.0,0.0,0.0,0.0,0.0,0.0,0.0,0.0,0.0,0.03571428571428571,0.0,0.0,0.0,0.0,0.0,0.0,0.0,0.0,0.0,0.0,0.0,0.0,0.0,0.0,0.0,0.0,0.0,0.0,0.0,0.0,0.0
CliffDiving,0.0,0.0,0.0,0.0,0.028985507246376812,0.0,0.007246376811594203,0.0,0.007246376811594203,0.0,0.0,0.0,0.0,0.0,0.0,0.0,0.0,0.0,0.0,0.0,0.0,0.4057971014492754,0.0,0.0,0.0,0.2318840579710145,0.0,0.0,0.007246376811594203,0.007246376811594203,0.0,0.0,0.014492753623188406,0.0,0.0,0.0,0.0,0.0,0.0,0.0,0.0,0.0,0.014492753623188406,0.0,0.0,0.0,0.0,0.0,0.014492753623188406,0.0,0.0,0.0,0.014492753623188406,0.0,0.0,0.0,0.0,0.0,0.0,0.0,0.0,0.0,0.0,0.0,0.0,0.0,0.0,0.0,0.0,0.0,0.0,0.0,0.0,0.0,0.043478260869565216,0.057971014492753624,0.0,0.0,0.0,0.014492753623188406,0.028985507246376812,0.014492753623188406,0.06521739130434782,0.0,0.0,0.0,0.0,0.007246376811594203,0.0,0.0,0.0,0.0,0.0,0.014492753623188406,0.0,0.0,0.0,0.0,0.0,0.0,0.0
CricketBowling,0.0,0.0,0.0,0.0,0.0,0.0,0.09352517985611511,0.07913669064748201,0.0,0.0,0.007194244604316547,0.02158273381294964,0.0,0.0,0.0,0.0,0.0,0.0,0.0,0.0,0.03597122302158273,0.0,0.3669064748201439,0.0,0.0,0.0,0.0,0.0,0.0,0.02158273381294964,0.0,0.007194244604316547,0.07913669064748201,0.0,0.0,0.0,0.0,0.0,0.0,0.0,0.0,0.007194244604316547,0.0,0.02158273381294964,0.0,0.0,0.0,0.0,0.0,0.0,0.0,0.0,0.0,0.0,0.0,0.0,0.0,0.0,0.0,0.0,0.0,0.0,0.0,0.0,0.0,0.0,0.0,0.0,0.0,0.0,0.0,0.0,0.0,0.0,0.0,0.0,0.0,0.0,0.0,0.03597122302158273,0.007194244604316547,0.02158273381294964,0.0,0.0,0.0,0.0,0.0,0.0,0.0,0.014388489208633094,0.0,0.17985611510791366,0.0,0.0,0.0,0.0,0.0,0.0,0.0,0.0,0.0
CricketShot,0.0,0.0,0.0,0.0,0.0,0.0,0.08982035928143713,0.03592814371257485,0.0,0.0,0.0,0.059880239520958084,0.0,0.0,0.0,0.0,0.0,0.0,0.0,0.0,0.041916167664670656,0.0,0.31736526946107785,0.0,0.0,0.0,0.0,0.0,0.011976047904191617,0.0,0.0,0.059880239520958084,0.19760479041916168,0.0,0.0,0.0,0.0,0.0,0.0,0.0,0.017964071856287425,0.0,0.0,0.0,0.0,0.0,0.0,0.0,0.0,0.0,0.0,0.0,0.0,0.0,0.0,0.0,0.0,0.0,0.0,0.0,0.0,0.0,0.0,0.0,0.0,0.0,0.0,0.0,0.0,0.0,0.0,0.0,0.0,0.0,0.0,0.0,0.0,0.0,0.0,0.029940119760479042,0.0,0.0,0.0,0.0,0.029940119760479042,0.0,0.0,0.0,0.0,0.011976047904191617,0.041916167664670656,0.05389221556886228,0.0,0.0,0.0,0.0,0.0,0.0,0.0,0.0,0.0
CuttingInKitchen,0.02727272727272727,0.02727272727272727,0.0,0.03636363636363636,0.00909090909090909,0.0,0.0,0.0,0.0,0.0,0.0,0.02727272727272727,0.00909090909090909,0.0,0.01818181818181818,0.05454545454545454,0.0,0.0,0.0,0.06363636363636363,0.0,0.0,0.0,0.0,0.20909090909090908,0.0,0.0,0.0,0.0,0.0,0.0,0.0,0.0,0.0,0.03636363636363636,0.0,0.0,0.0,0.03636363636363636,0.0,0.0,0.0,0.0,0.18181818181818182,0.0,0.02727272727272727,0.00909090909090909,0.0,0.0,0.0,0.0,0.0,0.0,0.0,0.045454545454545456,0.02727272727272727,0.0,0.01818181818181818,0.00909090909090909,0.0,0.00909090909090909,0.02727272727272727,0.0,0.0,0.0,0.01818181818181818,0.00909090909090909,0.0,0.0,0.0,0.00909090909090909,0.0,0.0,0.0,0.0,0.0,0.00909090909090909,0.0,0.0,0.0,0.0,0.0,0.0,0.0,0.0,0.0,0.0,0.0,0.0,0.00909090909090909,0.0,0.0,0.0,0.0,0.0,0.0,0.00909090909090909,0.0,0.0,0.02727272727272727,0.0
Diving,0.0,0.0,0.0,0.0,0.006666666666666667,0.0,0.0,0.0,0.0,0.05333333333333334,0.0,0.0,0.0,0.0,0.0,0.0,0.0,0.0,0.0,0.0,0.006666666666666667,0.0,0.0,0.0,0.013333333333333334,0.20666666666666667,0.0,0.0,0.013333333333333334,0.0,0.0,0.0,0.0,0.0,0.0,0.0,0.0,0.0,0.0,0.0,0.0,0.0,0.0,0.0,0.0,0.0,0.0,0.0,0.0,0.006666666666666667,0.0,0.0,0.006666666666666667,0.03333333333333333,0.006666666666666667,0.0,0.0,0.0,0.0,0.0,0.0,0.0,0.0,0.0,0.0,0.0,0.0,0.0,0.0,0.0,0.0,0.0,0.0,0.0,0.0,0.04666666666666667,0.0,0.0,0.0,0.013333333333333334,0.0,0.0,0.0,0.0,0.0,0.0,0.0,0.0,0.0,0.0,0.0,0.0,0.0,0.5866666666666667,0.0,0.0,0.0,0.0,0.0,0.0,0.0
Drumming,0.0,0.0,0.0,0.0,0.012422360248447204,0.13664596273291926,0.0,0.0,0.0,0.043478260869565216,0.0,0.006211180124223602,0.0,0.0,0.0,0.0,0.0,0.0,0.0,0.0,0.0,0.0,0.0,0.0,0.018633540372670808,0.0,0.6832298136645962,0.0,0.0,0.006211180124223602,0.0,0.0,0.0,0.0,0.0,0.0,0.0,0.0,0.0,0.0,0.0,0.0,0.0,0.0,0.0,0.0,0.0,0.0,0.0,0.0,0.0,0.0,0.0,0.0,0.0,0.0,0.0,0.0,0.0,0.0,0.0,0.0,0.0,0.006211180124223602,0.0,0.006211180124223602,0.0,0.0,0.0,0.0,0.0,0.0,0.0,0.0,0.0,0.0,0.0,0.0,0.0,0.0,0.0,0.0,0.0,0.0,0.0,0.0,0.0,0.0,0.0,0.0,0.0,0.0,0.0,0.0,0.08074534161490683,0.0,0.0,0.0,0.0,0.0,0.0
Fencing,0.0,0.0,0.0,0.0,0.12612612612612611,0.0,0.018018018018018018,0.0,0.0,0.009009009009009009,0.0,0.0,0.0,0.0,0.05405405405405406,0.0,0.02702702702702703,0.0,0.0,0.0,0.036036036036036036,0.0,0.0,0.0,0.0,0.0,0.0,0.5945945945945946,0.0,0.0,0.0,0.0,0.0,0.009009009009009009,0.0,0.0,0.0,0.0,0.0,0.0,0.0,0.0,0.0,0.0,0.0,0.0,0.0,0.0,0.0,0.0,0.0,0.0,0.0,0.0,0.0,0.0,0.04504504504504504,0.0,0.0,0.0,0.0,0.0,0.0,0.0,0.0,0.0,0.0,0.0,0.036036036036036036,0.0,0.0,0.0,0.0,0.0,0.0,0.0,0.0,0.0,0.0,0.0,0.0,0.0,0.0,0.0,0.0,0.0,0.0,0.0,0.0,0.0,0.04504504504504504,0.0,0.0,0.0,0.0,0.0,0.0,0.0,0.0,0.0,0.0
FieldHockeyPenalty,0.0,0.0,0.0,0.0,0.0,0.0,0.03968253968253968,0.023809523809523808,0.0,0.0,0.0,0.0,0.0,0.0,0.0,0.0,0.0,0.0,0.0,0.0,0.0,0.0,0.007936507936507936,0.0,0.0,0.0,0.0,0.0,0.1746031746031746,0.0,0.0,0.0,0.015873015873015872,0.0,0.0,0.0,0.0,0.0,0.0,0.0,0.0,0.0,0.0,0.0,0.0,0.0,0.0,0.0,0.0,0.0,0.0,0.0,0.0,0.0,0.0,0.0,0.0,0.0,0.0,0.0,0.0,0.0,0.0,0.0,0.0,0.0,0.0,0.0,0.0,0.0,0.0,0.0,0.0,0.0,0.0,0.0,0.0,0.0,0.0,0.0,0.0,0.0,0.0,0.0,0.42857142857142855,0.0,0.0,0.0,0.0,0.007936507936507936,0.0,0.30158730158730157,0.0,0.0,0.0,0.0,0.0,0.0,0.0,0.0,0.0
FloorGymnastics,0.0,0.0,0.0,0.0,0.144,0.0,0.0,0.032,0.0,0.0,0.0,0.008,0.0,0.0,0.0,0.0,0.008,0.0,0.0,0.0,0.0,0.0,0.0,0.0,0.0,0.008,0.0,0.0,0.024,0.248,0.0,0.0,0.0,0.0,0.0,0.0,0.0,0.0,0.0,0.008,0.0,0.0,0.0,0.096,0.0,0.0,0.0,0.0,0.0,0.0,0.0,0.0,0.0,0.0,0.0,0.0,0.128,0.0,0.0,0.0,0.0,0.0,0.0,0.0,0.0,0.0,0.0,0.0,0.0,0.0,0.0,0.0,0.0,0.0,0.0,0.0,0.0,0.0,0.0,0.088,0.0,0.0,0.0,0.0,0.0,0.0,0.008,0.0,0.0,0.128,0.0,0.072,0.0,0.0,0.0,0.0,0.0,0.0,0.0,0.0,0.0
FrisbeeCatch,0.0,0.0,0.0,0.0,0.0,0.0,0.0873015873015873,0.1349206349206349,0.0,0.0,0.0,0.0,0.0,0.0,0.0,0.0,0.0,0.0,0.0,0.0,0.0,0.0,0.10317460317460317,0.0,0.0,0.0,0.0,0.0,0.023809523809523808,0.0,0.0,0.0,0.16666666666666666,0.0,0.0,0.0,0.0,0.0,0.0,0.0,0.03968253968253968,0.0,0.0,0.0,0.0,0.0,0.0,0.0,0.0,0.0,0.0,0.0,0.0,0.0,0.0,0.0,0.0,0.0,0.0,0.0,0.0,0.0,0.0,0.0,0.0,0.0,0.0,0.0,0.0,0.0,0.0,0.0,0.0,0.0,0.0,0.0,0.0,0.0,0.0,0.0,0.0,0.0,0.0,0.0,0.373015873015873,0.0,0.0,0.0,0.0,0.0,0.007936507936507936,0.06349206349206349,0.0,0.0,0.0,0.0,0.0,0.0,0.0,0.0,0.0
FrontCrawl,0.0,0.0,0.0,0.0,0.0,0.0,0.0,0.0,0.0,0.0,0.0,0.0,0.0,0.0,0.0,0.0,0.0,0.0,0.0,0.0072992700729927005,0.0,0.0072992700729927005,0.0,0.0,0.0,0.48905109489051096,0.0,0.0,0.0,0.0,0.0,0.0,0.0,0.0,0.0,0.0,0.0,0.0,0.0,0.0,0.0,0.0,0.0,0.0,0.0,0.0,0.0,0.0,0.0,0.0,0.0,0.0,0.0,0.0,0.0,0.0,0.0,0.0,0.0,0.0,0.0,0.0,0.0,0.0,0.0,0.0,0.0,0.0,0.0,0.0,0.0,0.0,0.0,0.0,0.0,0.1386861313868613,0.0,0.0,0.0,0.0,0.0,0.0,0.0,0.0,0.0,0.0,0.0,0.0,0.0,0.0,0.0,0.0,0.0,0.35766423357664234,0.0,0.0,0.0,0.0,0.0,0.0,0.0
GolfSwing,0.0,0.0,0.0,0.0,0.0,0.0,0.007194244604316547,0.0,0.0,0.0,0.0,0.014388489208633094,0.0,0.0,0.007194244604316547,0.0,0.0,0.0,0.0,0.0,0.0,0.0,0.0,0.0,0.0,0.0,0.0,0.0,0.0,0.0,0.0,0.02877697841726619,0.9064748201438849,0.0,0.0,0.0,0.0,0.0,0.0,0.0,0.0,0.0,0.0,0.0,0.0,0.0,0.0,0.0,0.0,0.0,0.0,0.0,0.0,0.0,0.0,0.0,0.0,0.0,0.0,0.0,0.0,0.0,0.0,0.0,0.0,0.0,0.007194244604316547,0.0,0.0,0.0,0.0,0.0,0.0,0.0,0.0,0.0,0.0,0.0,0.0,0.02158273381294964,0.0,0.0,0.0,0.0,0.0,0.0,0.0,0.0,0.0,0.0,0.0,0.007194244604316547,0.0,0.0,0.0,0.0,0.0,0.0,0.0,0.0,0.0
Haircut,0.07692307692307693,0.0,0.007692307692307693,0.0,0.0,0.0,0.0,0.0,0.0,0.007692307692307693,0.0,0.0,0.0,0.0,0.0,0.0,0.0,0.0,0.0,0.015384615384615385,0.0,0.0,0.0,0.0,0.0,0.0,0.0,0.0,0.0,0.0,0.0,0.0,0.0,0.6692307692307692,0.007692307692307693,0.0,0.0,0.0,0.08461538461538462,0.0,0.0,0.0,0.0,0.0,0.0,0.0,0.0,0.0,0.0,0.0,0.0,0.0,0.0,0.0,0.0,0.015384615384615385,0.0,0.0,0.0,0.0,0.0,0.007692307692307693,0.0,0.007692307692307693,0.0,0.0,0.03076923076923077,0.0,0.0,0.0,0.007692307692307693,0.0,0.0,0.0,0.0,0.0,0.0,0.0,0.0,0.0,0.0,0.0,0.0,0.0,0.0,0.0,0.0,0.0,0.0,0.0,0.0,0.007692307692307693,0.0,0.0,0.038461538461538464,0.015384615384615385,0.0,0.0,0.0,0.0,0.0
HammerThrow,0.0,0.0,0.0,0.0,0.006666666666666667,0.0,0.12666666666666668,0.06666666666666667,0.0,0.0,0.0,0.0,0.0,0.0,0.0,0.0,0.04,0.0,0.0,0.0,0.0,0.0,0.02666666666666667,0.0,0.0,0.0,0.0,0.0,0.006666666666666667,0.006666666666666667,0.0,0.05333333333333334,0.04666666666666667,0.0,0.0,0.0,0.0,0.0,0.0,0.02666666666666667,0.013333333333333334,0.0,0.0,0.006666666666666667,0.013333333333333334,0.0,0.006666666666666667,0.0,0.0,0.0,0.0,0.0,0.0,0.0,0.0,0.0,0.006666666666666667,0.0,0.0,0.0,0.0,0.0,0.0,0.0,0.0,0.0,0.006666666666666667,0.0,0.006666666666666667,0.0,0.0,0.0,0.0,0.0,0.0,0.0,0.0,0.0,0.0,0.06666666666666667,0.006666666666666667,0.0,0.0,0.04666666666666667,0.06666666666666667,0.0,0.0,0.013333333333333334,0.0,0.006666666666666667,0.0,0.2,0.0,0.12666666666666668,0.0,0.0,0.0,0.0,0.0,0.0,0.0
Hammering,0.0,0.0,0.04285714285714286,0.0,0.1,0.0,0.014285714285714285,0.0,0.0,0.12142857142857143,0.0,0.0,0.0,0.0,0.0,0.0,0.0,0.04285714285714286,0.0,0.0,0.007142857142857143,0.0,0.0,0.02142857142857143,0.0,0.0,0.0,0.0,0.0,0.0,0.0,0.0,0.0,0.03571428571428571,0.05,0.0,0.0,0.04285714285714286,0.007142857142857143,0.0,0.0,0.007142857142857143,0.0,0.007142857142857143,0.0,0.0,0.014285714285714285,0.0,0.0,0.007142857142857143,0.0,0.0,0.05,0.0,0.06428571428571428,0.0,0.007142857142857143,0.0,0.0,0.0,0.0,0.0,0.0,0.10714285714285714,0.0,0.0,0.0,0.0,0.0,0.007142857142857143,0.0,0.0,0.0,0.0,0.05714285714285714,0.014285714285714285,0.0,0.007142857142857143,0.0,0.07857142857142857,0.0,0.0,0.0,0.0,0.0,0.0,0.0,0.0,0.0,0.007142857142857143,0.0,0.0,0.0,0.0,0.0,0.0,0.0,0.007142857142857143,0.02857142857142857,0.04285714285714286,0.0
HandstandPushups,0.0,0.0,0.0,0.0,0.03125,0.0,0.0,0.0,0.0,0.0,0.0078125,0.0,0.0,0.0,0.0390625,0.03125,0.0234375,0.0,0.0,0.0,0.046875,0.0,0.0,0.0,0.0859375,0.0,0.0,0.0,0.0,0.234375,0.0,0.0625,0.015625,0.0,0.0,0.0,0.0390625,0.0546875,0.0,0.0,0.0,0.0,0.0,0.015625,0.0,0.0234375,0.0,0.0,0.0,0.0,0.0,0.0,0.0,0.0,0.0859375,0.046875,0.0,0.0,0.0,0.0,0.0,0.0,0.0,0.0,0.0,0.0,0.0,0.0234375,0.0,0.0,0.0,0.0,0.0,0.0,0.0,0.0,0.0,0.0,0.0,0.0078125,0.0,0.0,0.0,0.0,0.0,0.0,0.0390625,0.0,0.0,0.0,0.0,0.0078125,0.0,0.0546875,0.0,0.0,0.0,0.0,0.0,0.0234375,0.0
HandstandWalking,0.0,0.0,0.0,0.0,0.018018018018018018,0.0,0.0,0.018018018018018018,0.0,0.0,0.0,0.0,0.0,0.0,0.04504504504504504,0.018018018018018018,0.009009009009009009,0.009009009009009009,0.0,0.009009009009009009,0.02702702702702703,0.0,0.009009009009009009,0.0,0.018018018018018018,0.009009009009009009,0.0,0.0,0.02702702702702703,0.12612612612612611,0.0,0.04504504504504504,0.06306306306306306,0.0,0.0,0.0,0.0,0.036036036036036036,0.0,0.02702702702702703,0.0,0.0,0.0,0.018018018018018018,0.0,0.0,0.0,0.0,0.0,0.02702702702702703,0.0,0.0,0.0,0.0,0.07207207207207207,0.0,0.0,0.0,0.0,0.0,0.0,0.0,0.0,0.009009009009009009,0.0,0.0,0.0,0.0,0.0,0.0,0.018018018018018018,0.0,0.0,0.0,0.08108108108108109,0.0,0.0,0.0,0.0,0.11711711711711711,0.02702702702702703,0.0,0.0,0.0,0.0,0.0,0.0,0.0,0.0,0.0,0.0,0.07207207207207207,0.0,0.018018018018018018,0.018018018018018018,0.0,0.0,0.009009009009009009,0.0,0.0,0.0
HeadMassage,0.0,0.0,0.0,0.0,0.0,0.0,0.0,0.0,0.0,0.034013605442176874,0.0,0.027210884353741496,0.0,0.0,0.006802721088435374,0.0,0.0,0.0,0.0,0.0,0.047619047619047616,0.0,0.0,0.006802721088435374,0.013605442176870748,0.027210884353741496,0.0,0.0,0.0,0.013605442176870748,0.0,0.006802721088435374,0.0,0.6394557823129252,0.0,0.0,0.0,0.0,0.07482993197278912,0.0,0.0,0.0,0.0,0.0,0.0,0.0,0.0,0.0,0.0,0.006802721088435374,0.0,0.0,0.04081632653061224,0.0,0.0,0.006802721088435374,0.0,0.0,0.0,0.0,0.0,0.0,0.006802721088435374,0.0,0.0,0.006802721088435374,0.0,0.0,0.0,0.0,0.0,0.0,0.0,0.0,0.0,0.0,0.0,0.013605442176870748,0.0,0.0,0.0,0.0,0.0,0.0,0.006802721088435374,0.0,0.0,0.0,0.0,0.0,0.0,0.0,0.0,0.0,0.006802721088435374,0.0,0.0,0.006802721088435374,0.0,0.0,0.0
HighJump,0.0,0.0,0.0,0.0,0.0,0.0,0.032520325203252036,0.07317073170731707,0.0,0.016260162601626018,0.0,0.032520325203252036,0.0,0.0,0.008130081300813009,0.0,0.008130081300813009,0.0,0.0,0.0,0.0,0.0,0.0,0.0,0.008130081300813009,0.008130081300813009,0.0,0.0,0.016260162601626018,0.008130081300813009,0.0,0.0,0.0,0.0,0.0,0.0,0.0,0.0,0.0,0.4878048780487805,0.0,0.0,0.0,0.016260162601626018,0.0,0.0,0.0,0.0,0.0,0.0,0.0,0.0,0.0,0.0,0.0,0.0,0.024390243902439025,0.0,0.0,0.0,0.0,0.0,0.0,0.0,0.0,0.0,0.0,0.0,0.0,0.0,0.0,0.0,0.0,0.0,0.0,0.008130081300813009,0.0,0.0,0.008130081300813009,0.08130081300813008,0.0,0.0,0.0,0.0,0.0,0.0,0.0,0.0,0.0,0.0,0.0,0.16260162601626016,0.0,0.0,0.0,0.0,0.0,0.0,0.0,0.0,0.0
HorseRace,0.0,0.0,0.0,0.0,0.0,0.0,0.03225806451612903,0.008064516129032258,0.0,0.0,0.0,0.0,0.0,0.0,0.0,0.0,0.0,0.0,0.0,0.0,0.0,0.0,0.0,0.0,0.0,0.0,0.0,0.0,0.0,0.0,0.0,0.0,0.008064516129032258,0.0,0.0,0.0,0.0,0.0,0.0,0.0,0.9032258064516129,0.0,0.0,0.0,0.0,0.0,0.0,0.0,0.0,0.0,0.0,0.0,0.0,0.0,0.0,0.0,0.0,0.0,0.0,0.0,0.0,0.0,0.0,0.0,0.0,0.0,0.0,0.0,0.0,0.0,0.0,0.0,0.0,0.0,0.0,0.03225806451612903,0.0,0.0,0.0,0.0,0.0,0.0,0.0,0.0,0.016129032258064516,0.0,0.0,0.0,0.0,0.0,0.0,0.0,0.0,0.0,0.0,0.0,0.0,0.0,0.0,0.0,0.0
HorseRiding,0.0,0.0,0.0,0.0,0.0,0.0,0.0,0.0,0.0,0.0,0.0,0.0,0.0,0.0,0.0,0.0,0.0,0.0,0.0,0.0,0.0,0.0,0.0,0.0,0.0,0.0,0.0,0.0,0.0,0.0,0.0,0.0,0.0,0.0,0.0,0.0,0.0,0.0,0.0,0.0,0.13414634146341464,0.8170731707317073,0.0,0.0,0.0,0.0,0.0,0.0,0.0,0.0,0.0,0.0,0.0,0.0,0.0,0.0,0.0,0.0,0.0,0.0,0.0,0.0,0.0,0.0,0.0,0.0,0.0,0.0,0.042682926829268296,0.0,0.0,0.0,0.0,0.0,0.0,0.0,0.0,0.0,0.0,0.0,0.0,0.006097560975609756,0.0,0.0,0.0,0.0,0.0,0.0,0.0,0.0,0.0,0.0,0.0,0.0,0.0,0.0,0.0,0.0,0.0,0.0,0.0
HulaHoop,0.0,0.0,0.0,0.0,0.024,0.064,0.0,0.0,0.0,0.0,0.008,0.064,0.0,0.0,0.008,0.0,0.0,0.0,0.0,0.0,0.032,0.0,0.008,0.0,0.0,0.008,0.008,0.0,0.0,0.088,0.0,0.0,0.04,0.016,0.0,0.0,0.024,0.008,0.0,0.0,0.0,0.0,0.296,0.064,0.0,0.0,0.04,0.0,0.0,0.0,0.0,0.0,0.008,0.0,0.016,0.0,0.016,0.0,0.0,0.0,0.0,0.0,0.0,0.024,0.0,0.0,0.016,0.0,0.0,0.0,0.0,0.0,0.0,0.0,0.008,0.008,0.0,0.0,0.0,0.008,0.0,0.0,0.0,0.0,0.0,0.0,0.016,0.0,0.0,0.008,0.0,0.064,0.0,0.008,0.0,0.0,0.0,0.0,0.0,0.0,0.0
IceDancing,0.0,0.0,0.0,0.0,0.0,0.0,0.0,0.0189873417721519,0.0,0.0,0.0,0.0,0.0,0.0,0.0,0.0,0.0,0.0,0.0,0.0,0.0,0.0,0.0,0.0,0.0,0.0,0.0,0.0,0.0,0.0,0.0,0.0,0.0,0.0,0.0,0.0,0.0,0.0,0.0,0.0,0.0,0.0,0.0,0.9810126582278481,0.0,0.0,0.0,0.0,0.0,0.0,0.0,0.0,0.0,0.0,0.0,0.0,0.0,0.0,0.0,0.0,0.0,0.0,0.0,0.0,0.0,0.0,0.0,0.0,0.0,0.0,0.0,0.0,0.0,0.0,0.0,0.0,0.0,0.0,0.0,0.0,0.0,0.0,0.0,0.0,0.0,0.0,0.0,0.0,0.0,0.0,0.0,0.0,0.0,0.0,0.0,0.0,0.0,0.0,0.0,0.0,0.0
JavelinThrow,0.0,0.0,0.0,0.0,0.0,0.0,0.1623931623931624,0.18803418803418803,0.0,0.0,0.0,0.0,0.0,0.0,0.0,0.0,0.008547008547008548,0.0,0.0,0.0,0.0,0.0,0.0,0.0,0.0,0.0,0.0,0.02564102564102564,0.0,0.02564102564102564,0.0,0.0,0.0,0.0,0.0,0.0,0.0,0.0,0.0,0.1623931623931624,0.0,0.0,0.0,0.0,0.05128205128205128,0.0,0.0,0.0,0.0,0.0,0.0,0.0,0.0,0.0,0.0,0.0,0.0,0.0,0.0,0.0,0.0,0.0,0.0,0.0,0.0,0.0,0.0,0.0,0.0,0.0,0.0,0.0,0.0,0.0,0.0,0.0,0.0,0.0,0.05128205128205128,0.05982905982905983,0.0,0.0,0.0,0.0,0.02564102564102564,0.0,0.0,0.0,0.0,0.0,0.0,0.23931623931623933,0.0,0.0,0.0,0.0,0.0,0.0,0.0,0.0,0.0
JugglingBalls,0.0,0.0,0.01652892561983471,0.024793388429752067,0.01652892561983471,0.0,0.0,0.0,0.0,0.0,0.0,0.05785123966942149,0.0,0.0,0.0,0.0,0.008264462809917356,0.0,0.0,0.0,0.01652892561983471,0.0,0.0,0.049586776859504134,0.08264462809917356,0.0,0.0,0.0,0.0,0.008264462809917356,0.0,0.21487603305785125,0.03305785123966942,0.05785123966942149,0.0,0.0,0.0,0.0,0.0743801652892562,0.0,0.0,0.0,0.0,0.0,0.0,0.06611570247933884,0.0,0.0,0.0,0.0,0.0,0.0,0.03305785123966942,0.0,0.049586776859504134,0.0,0.0,0.0,0.0,0.0,0.0,0.008264462809917356,0.01652892561983471,0.01652892561983471,0.04132231404958678,0.04132231404958678,0.0,0.0,0.0,0.0,0.0,0.0,0.0,0.0,0.0,0.0,0.0,0.03305785123966942,0.0,0.0,0.0,0.0,0.0,0.0,0.0,0.0,0.0,0.0,0.0,0.0,0.0,0.0,0.0,0.03305785123966942,0.0,0.0,0.0,0.0,0.0,0.0,0.0
JumpRope,0.0,0.0,0.0,0.0,0.04861111111111111,0.0,0.0,0.05555555555555555,0.0,0.0,0.0,0.0,0.0,0.0,0.11805555555555555,0.0,0.09722222222222222,0.020833333333333332,0.0,0.0,0.0,0.0,0.0,0.0,0.0,0.0,0.0,0.041666666666666664,0.0,0.0763888888888889,0.0,0.0,0.0,0.0,0.0,0.0,0.0,0.0,0.013888888888888888,0.0,0.0,0.0,0.0,0.034722222222222224,0.0,0.0,0.0,0.0,0.0,0.0,0.006944444444444444,0.0,0.0,0.0,0.0625,0.0,0.09027777777777778,0.0,0.0,0.0,0.0,0.0,0.0,0.0,0.0,0.0,0.0,0.0,0.0,0.0,0.0,0.0,0.0,0.0,0.0,0.0,0.0,0.0,0.04861111111111111,0.13194444444444445,0.0,0.0,0.0,0.0,0.0,0.0,0.0,0.0,0.0,0.0,0.0,0.1527777777777778,0.0,0.0,0.0,0.0,0.0,0.0,0.0,0.0,0.0
JumpingJack,0.0,0.0,0.0,0.0,0.016260162601626018,0.0,0.0,0.0,0.0,0.0,0.0,0.008130081300813009,0.0,0.0,0.21951219512195122,0.04878048780487805,0.008130081300813009,0.04878048780487805,0.0,0.0,0.032520325203252036,0.0,0.0,0.0,0.04065040650406504,0.032520325203252036,0.0,0.0,0.0,0.04065040650406504,0.0,0.008130081300813009,0.16260162601626016,0.0,0.0,0.0,0.0,0.008130081300813009,0.0,0.0,0.0,0.0,0.032520325203252036,0.04878048780487805,0.0,0.0,0.0,0.0,0.0,0.008130081300813009,0.016260162601626018,0.0,0.04065040650406504,0.0,0.0,0.0,0.008130081300813009,0.0,0.008130081300813009,0.0,0.0,0.0,0.0,0.0,0.0,0.0,0.0,0.0,0.0,0.0,0.0,0.0,0.0,0.0,0.0,0.0,0.0,0.0,0.032520325203252036,0.008130081300813009,0.0,0.0,0.0,0.008130081300813009,0.008130081300813009,0.0,0.024390243902439025,0.0,0.032520325203252036,0.0,0.0,0.032520325203252036,0.0,0.016260162601626018,0.0,0.0,0.0,0.0,0.0,0.0,0.0
Kayaking,0.0,0.0,0.0,0.0,0.0,0.0,0.0,0.0,0.0,0.0,0.0,0.0,0.0,0.0,0.0,0.0,0.0,0.0,0.0,0.0,0.0,0.06382978723404255,0.0,0.0,0.0,0.0070921985815602835,0.0,0.0,0.0,0.0,0.0,0.0,0.0,0.0,0.0,0.0,0.0,0.0,0.0,0.0,0.0,0.0,0.0,0.07092198581560284,0.0,0.0,0.0,0.0,0.3475177304964539,0.0,0.0,0.0,0.0,0.0,0.0,0.0,0.0,0.0,0.0,0.0,0.0,0.0,0.0,0.0,0.0,0.0,0.0,0.0,0.0,0.0,0.0,0.0,0.0,0.0,0.0,0.24113475177304963,0.0,0.0,0.0,0.0,0.2695035460992908,0.0,0.0,0.0,0.0,0.0,0.0,0.0,0.0,0.0,0.0,0.0,0.0,0.0,0.0,0.0,0.0,0.0,0.0,0.0,0.0
Knitting,0.04065040650406504,0.0,0.0,0.0,0.0,0.0,0.0,0.0,0.0,0.0,0.0,0.0,0.0,0.0,0.032520325203252036,0.0,0.008130081300813009,0.0,0.0,0.08943089430894309,0.0,0.0,0.0,0.0,0.0,0.0,0.0,0.0,0.0,0.0,0.0,0.0,0.0,0.008130081300813009,0.008130081300813009,0.0,0.0,0.0,0.08943089430894309,0.0,0.0,0.0,0.0,0.032520325203252036,0.0,0.0,0.008130081300813009,0.0,0.0,0.6016260162601627,0.0,0.0,0.0,0.0,0.0,0.0,0.0,0.0,0.0,0.0,0.0,0.024390243902439025,0.0,0.0,0.0,0.0,0.0,0.0,0.0,0.0,0.008130081300813009,0.0,0.0,0.0,0.04878048780487805,0.0,0.0,0.0,0.0,0.0,0.0,0.0,0.0,0.0,0.0,0.0,0.0,0.0,0.0,0.0,0.0,0.0,0.0,0.0,0.0,0.0,0.0,0.0,0.0,0.0,0.0
LongJump,0.0,0.0,0.0,0.0,0.022900763358778626,0.0,0.1297709923664122,0.030534351145038167,0.0,0.0,0.0,0.05343511450381679,0.0,0.0,0.0,0.007633587786259542,0.0,0.0,0.0,0.0,0.0,0.0,0.0,0.0,0.0,0.0,0.0,0.0,0.0,0.007633587786259542,0.0,0.0,0.030534351145038167,0.0,0.0,0.0,0.0,0.007633587786259542,0.0,0.26717557251908397,0.03816793893129771,0.0,0.0,0.0,0.0,0.0,0.0,0.0,0.0,0.0,0.007633587786259542,0.0,0.0,0.0,0.0,0.0,0.007633587786259542,0.0,0.0,0.0,0.0,0.0,0.0,0.0,0.0,0.0,0.0,0.0,0.0,0.0,0.0,0.0,0.0,0.0,0.0,0.022900763358778626,0.0,0.0,0.0,0.09923664122137404,0.0,0.0,0.0,0.0,0.0,0.0,0.0,0.0,0.0,0.05343511450381679,0.0,0.21374045801526717,0.0,0.0,0.0,0.0,0.0,0.0,0.0,0.0,0.0
Lunges,0.0,0.0,0.007874015748031496,0.0,0.023622047244094488,0.0,0.0,0.0,0.0,0.0,0.015748031496062992,0.007874015748031496,0.0,0.0,0.44881889763779526,0.0,0.03937007874015748,0.0,0.0,0.0,0.0,0.0,0.007874015748031496,0.0,0.0,0.0,0.0,0.007874015748031496,0.0,0.047244094488188976,0.0,0.0,0.07874015748031496,0.0,0.0,0.0,0.007874015748031496,0.0,0.0,0.0,0.0,0.0,0.0,0.0,0.0,0.0,0.0,0.0,0.0,0.0,0.0,0.0,0.0,0.0,0.031496062992125984,0.0,0.0,0.0,0.0,0.0,0.0,0.0,0.0,0.023622047244094488,0.0,0.0,0.0,0.0,0.0,0.0,0.007874015748031496,0.0,0.0,0.0,0.0,0.0,0.0,0.0,0.0,0.07086614173228346,0.0,0.0,0.0,0.0,0.0,0.0,0.031496062992125984,0.0,0.0,0.0,0.0,0.14173228346456693,0.0,0.0,0.0,0.0,0.0,0.0,0.0,0.0,0.0
MilitaryParade,0.032,0.0,0.0,0.0,0.0,0.248,0.016,0.0,0.0,0.0,0.0,0.0,0.0,0.0,0.0,0.0,0.0,0.0,0.0,0.0,0.0,0.0,0.0,0.0,0.0,0.0,0.0,0.016,0.0,0.056,0.0,0.008,0.0,0.0,0.0,0.0,0.0,0.0,0.0,0.0,0.032,0.0,0.0,0.08,0.0,0.0,0.0,0.0,0.0,0.024,0.0,0.0,0.344,0.0,0.0,0.0,0.0,0.0,0.0,0.0,0.0,0.0,0.008,0.016,0.0,0.0,0.0,0.0,0.0,0.0,0.0,0.0,0.0,0.0,0.008,0.016,0.016,0.0,0.0,0.016,0.008,0.0,0.0,0.0,0.048,0.0,0.0,0.0,0.0,0.0,0.0,0.0,0.0,0.0,0.0,0.0,0.0,0.0,0.0,0.008,0.0
Mixing,0.0,0.0,0.0,0.0,0.007352941176470588,0.0,0.058823529411764705,0.0,0.0,0.007352941176470588,0.0,0.03676470588235294,0.0,0.0,0.0,0.0,0.0,0.0,0.0,0.014705882352941176,0.029411764705882353,0.0,0.0,0.0,0.03676470588235294,0.0,0.04411764705882353,0.0,0.0,0.0,0.0,0.0,0.0,0.0,0.014705882352941176,0.0,0.0,0.0,0.0,0.0,0.0,0.0,0.0,0.19117647058823528,0.0,0.0,0.007352941176470588,0.0,0.0,0.0,0.0,0.0,0.0,0.25,0.0,0.0,0.0,0.07352941176470588,0.0,0.0,0.0,0.0,0.0,0.014705882352941176,0.0,0.0,0.0,0.0,0.0,0.0,0.125,0.0,0.0,0.0,0.0,0.0,0.029411764705882353,0.0,0.0,0.0,0.014705882352941176,0.0,0.0,0.0,0.0,0.0,0.0,0.0,0.0,0.007352941176470588,0.007352941176470588,0.0,0.0,0.0,0.0,0.022058823529411766,0.007352941176470588,0.0,0.0,0.0,0.0
MoppingFloor,0.0,0.0,0.02727272727272727,0.00909090909090909,0.00909090909090909,0.0,0.0,0.0,0.0,0.03636363636363636,0.00909090909090909,0.0,0.0,0.0,0.0,0.00909090909090909,0.0,0.0,0.0,0.0,0.32727272727272727,0.0,0.0,0.0,0.045454545454545456,0.0,0.0,0.0,0.045454545454545456,0.01818181818181818,0.0,0.02727272727272727,0.0,0.0,0.01818181818181818,0.0,0.0,0.0,0.01818181818181818,0.0,0.0,0.0,0.0,0.02727272727272727,0.0,0.0,0.0,0.00909090909090909,0.0,0.0,0.0,0.0,0.0,0.0,0.12727272727272726,0.0,0.0,0.0,0.0,0.0,0.0,0.02727272727272727,0.0,0.00909090909090909,0.0,0.0,0.00909090909090909,0.0,0.0,0.0,0.00909090909090909,0.0,0.0,0.0,0.0,0.00909090909090909,0.0,0.0,0.0,0.08181818181818182,0.0,0.0,0.0,0.0,0.0,0.0,0.0,0.0,0.00909090909090909,0.03636363636363636,0.0,0.0,0.0,0.0,0.01818181818181818,0.0,0.0,0.01818181818181818,0.00909090909090909,0.0,0.0
Nunchucks,0.0,0.0,0.0,0.0,0.0,0.0,0.0,0.0,0.0,0.0,0.0,0.0,0.0,0.0,0.06060606060606061,0.0,0.1590909090909091,0.0,0.0,0.0,0.0,0.0,0.015151515151515152,0.0,0.045454545454545456,0.0,0.0,0.045454545454545456,0.0,0.07575757575757576,0.0,0.015151515151515152,0.1893939393939394,0.0,0.0,0.0,0.0,0.0,0.0,0.0,0.0,0.0,0.0,0.09848484848484848,0.0,0.0,0.0,0.0,0.0,0.0,0.0,0.0,0.0,0.0,0.07575757575757576,0.022727272727272728,0.0,0.0,0.0,0.0,0.0,0.0,0.0,0.0,0.007575757575757576,0.007575757575757576,0.007575757575757576,0.0,0.0,0.0,0.0,0.0,0.0,0.015151515151515152,0.0,0.0,0.0,0.0,0.0,0.09090909090909091,0.007575757575757576,0.0,0.0,0.0,0.0,0.0,0.0,0.0,0.0,0.0,0.0,0.015151515151515152,0.0,0.015151515151515152,0.0,0.0,0.0,0.0,0.030303030303030304,0.0,0.0
ParallelBars,0.0,0.0,0.0,0.0,0.0,0.0,0.008771929824561403,0.0,0.0,0.0,0.0,0.0,0.0,0.0,0.0,0.0,0.0,0.0,0.0,0.0,0.0,0.0,0.0,0.0,0.0,0.0,0.0,0.0,0.017543859649122806,0.09649122807017543,0.0,0.0,0.0,0.0,0.0,0.0,0.0,0.0,0.0,0.0,0.0,0.0,0.0,0.017543859649122806,0.0,0.0,0.0,0.0,0.0,0.0,0.0,0.0,0.0,0.0,0.0,0.0,0.8157894736842105,0.0,0.0,0.0,0.0,0.0,0.0,0.0,0.0,0.0,0.0,0.0,0.008771929824561403,0.0,0.0,0.0,0.0,0.0,0.0,0.0,0.0,0.0,0.0,0.0,0.0,0.0,0.0,0.0,0.008771929824561403,0.0,0.0,0.0,0.0,0.02631578947368421,0.0,0.0,0.0,0.0,0.0,0.0,0.0,0.0,0.0,0.0,0.0
PizzaTossing,0.0,0.0,0.0,0.0,0.0,0.017699115044247787,0.0,0.0,0.008849557522123894,0.04424778761061947,0.0,0.035398230088495575,0.0,0.02654867256637168,0.0,0.008849557522123894,0.11504424778761062,0.0,0.0,0.0,0.08849557522123894,0.0,0.0,0.017699115044247787,0.13274336283185842,0.0,0.02654867256637168,0.02654867256637168,0.0,0.035398230088495575,0.0,0.017699115044247787,0.008849557522123894,0.05309734513274336,0.0,0.008849557522123894,0.0,0.0,0.0,0.0,0.0,0.0,0.0,0.008849557522123894,0.0,0.0,0.0,0.0,0.0,0.0,0.0,0.0,0.008849557522123894,0.0,0.061946902654867256,0.0,0.008849557522123894,0.0,0.0,0.0,0.0,0.0,0.0,0.017699115044247787,0.0,0.061946902654867256,0.0,0.0,0.008849557522123894,0.0,0.0,0.0,0.0,0.0,0.0,0.0,0.0,0.0,0.0,0.05309734513274336,0.0,0.008849557522123894,0.0,0.0,0.0,0.0,0.035398230088495575,0.0,0.0,0.02654867256637168,0.0,0.017699115044247787,0.0,0.0,0.0,0.0,0.0,0.0,0.0,0.008849557522123894,0.0
PlayingCello,0.0,0.0,0.0,0.0,0.0,0.0,0.0,0.0,0.0,0.0,0.0,0.0,0.0,0.0,0.0,0.0,0.0,0.0,0.0,0.0,0.0,0.0,0.0,0.0,0.0,0.0,0.006097560975609756,0.0,0.0,0.0,0.0,0.0,0.0,0.0,0.0,0.0,0.0,0.0,0.0,0.0,0.0,0.042682926829268296,0.0,0.0,0.0,0.0,0.0,0.0,0.0,0.0,0.0,0.0,0.0,0.0,0.0,0.0,0.0,0.0,0.8414634146341463,0.0,0.0,0.0,0.006097560975609756,0.03048780487804878,0.006097560975609756,0.03048780487804878,0.036585365853658534,0.0,0.0,0.0,0.0,0.0,0.0,0.0,0.0,0.0,0.0,0.0,0.0,0.0,0.0,0.0,0.0,0.0,0.0,0.0,0.0,0.0,0.0,0.0,0.0,0.0,0.0,0.0,0.0,0.0,0.0,0.0,0.0,0.0,0.0
PlayingDaf,0.0,0.0,0.013245033112582781,0.0,0.006622516556291391,0.0,0.006622516556291391,0.006622516556291391,0.0,0.033112582781456956,0.0,0.0,0.0,0.0,0.006622516556291391,0.0,0.0,0.0,0.0,0.0,0.0,0.0,0.0,0.013245033112582781,0.033112582781456956,0.019867549668874173,0.6357615894039735,0.0,0.026490066225165563,0.0,0.0,0.0,0.0,0.013245033112582781,0.0,0.0,0.006622516556291391,0.0,0.013245033112582781,0.0,0.0,0.0,0.0,0.006622516556291391,0.0,0.026490066225165563,0.0,0.0,0.0,0.0,0.0,0.0,0.006622516556291391,0.013245033112582781,0.0,0.0,0.0,0.0,0.0,0.0,0.0,0.006622516556291391,0.0,0.006622516556291391,0.0,0.059602649006622516,0.0,0.0,0.0,0.0,0.0,0.0,0.0,0.0,0.0,0.0,0.0,0.013245033112582781,0.0,0.0,0.0,0.0,0.0,0.006622516556291391,0.0,0.0,0.0,0.0,0.0,0.006622516556291391,0.0,0.013245033112582781,0.0,0.0,0.0,0.0,0.0,0.0,0.0,0.0,0.0
PlayingDhol,0.0,0.0,0.0,0.0,0.0,0.018292682926829267,0.0,0.042682926829268296,0.0,0.0,0.0,0.0,0.0,0.0,0.0,0.0,0.0,0.0,0.0,0.0,0.042682926829268296,0.0,0.0,0.0,0.07317073170731707,0.0,0.3902439024390244,0.0,0.0,0.018292682926829267,0.0,0.0,0.0,0.0,0.0,0.0,0.006097560975609756,0.006097560975609756,0.012195121951219513,0.0,0.006097560975609756,0.036585365853658534,0.024390243902439025,0.0,0.0,0.0,0.0,0.0,0.0,0.03048780487804878,0.0,0.0,0.0,0.0,0.0,0.0,0.006097560975609756,0.0,0.0,0.0,0.0,0.0,0.006097560975609756,0.10365853658536585,0.04878048780487805,0.06097560975609756,0.018292682926829267,0.0,0.0,0.0,0.0,0.0,0.0,0.0,0.0,0.042682926829268296,0.0,0.0,0.0,0.0,0.0,0.0,0.0,0.0,0.0,0.0,0.0,0.0,0.0,0.0,0.0,0.0,0.0,0.0,0.0,0.0,0.0,0.0,0.0,0.006097560975609756,0.0
PlayingFlute,0.0,0.0,0.0064516129032258064,0.0,0.0,0.0,0.0,0.0,0.0,0.0,0.0,0.0,0.0,0.0,0.0,0.0,0.0,0.0,0.0,0.0,0.0,0.0,0.0,0.0,0.0,0.0,0.0,0.0,0.0,0.0,0.0,0.0,0.0,0.0,0.0,0.0,0.0,0.0,0.0,0.0,0.0,0.0,0.0,0.0064516129032258064,0.0,0.0,0.0,0.0,0.0,0.0,0.0,0.0,0.07096774193548387,0.0,0.0,0.0,0.0,0.0,0.012903225806451613,0.0,0.0,0.8193548387096774,0.0,0.03870967741935484,0.0,0.03225806451612903,0.0,0.0,0.0,0.0,0.0,0.0064516129032258064,0.0,0.0,0.0064516129032258064,0.0,0.0,0.0,0.0,0.0,0.0,0.0,0.0,0.0,0.0,0.0,0.0,0.0,0.0,0.0,0.0,0.0,0.0,0.0,0.0,0.0,0.0,0.0,0.0,0.0,0.0
PlayingGuitar,0.0,0.0,0.0,0.03125,0.0,0.025,0.0,0.0,0.0,0.0,0.0,0.0,0.0,0.0,0.0,0.0,0.0,0.0,0.0,0.0,0.0,0.0,0.0,0.0,0.0,0.0,0.0,0.0,0.0,0.0,0.0,0.0,0.0,0.0,0.0,0.0,0.0,0.0,0.0,0.0,0.0,0.0,0.0,0.0,0.0,0.0,0.0,0.0,0.0,0.0,0.0,0.0,0.0,0.0,0.0,0.0,0.0,0.0,0.0,0.0,0.0,0.0,0.8125,0.0,0.075,0.0,0.04375,0.0,0.0,0.0,0.0,0.0,0.0,0.0,0.0,0.0,0.0,0.0,0.0,0.0,0.0,0.0125,0.0,0.0,0.0,0.0,0.0,0.0,0.0,0.0,0.0,0.0,0.0,0.0,0.0,0.0,0.0,0.0,0.0,0.0,0.0
PlayingPiano,0.0,0.0,0.0,0.0,0.0,0.0,0.0,0.0,0.0,0.0,0.0,0.0,0.0,0.02857142857142857,0.0,0.0,0.0,0.0,0.0,0.0,0.0,0.0,0.0,0.0,0.0,0.0,0.0,0.0,0.0,0.0,0.0,0.0,0.0,0.0,0.0,0.0,0.0,0.0,0.0,0.0,0.0,0.0,0.0,0.0,0.0,0.0,0.0,0.0,0.0,0.0,0.0,0.0,0.0,0.0,0.0,0.0,0.0,0.0,0.0,0.0,0.0,0.02857142857142857,0.0,0.8952380952380953,0.0,0.02857142857142857,0.0,0.0,0.0,0.0,0.0,0.0,0.0,0.0,0.0,0.0,0.0,0.0,0.0,0.0,0.0,0.0,0.0,0.0,0.0,0.0,0.0,0.0,0.0,0.0,0.0,0.0,0.0,0.0,0.01904761904761905,0.0,0.0,0.0,0.0,0.0,0.0
PlayingSitar,0.0,0.0,0.025477707006369428,0.0,0.0,0.0,0.0,0.0,0.0,0.0,0.0,0.0,0.0,0.0,0.0,0.0,0.0,0.0,0.0,0.0,0.0,0.0,0.0,0.0,0.0,0.0,0.0,0.0,0.0,0.03821656050955414,0.0,0.0,0.0,0.0,0.0,0.0,0.0,0.0,0.0,0.0,0.0,0.0,0.0,0.0,0.0,0.0,0.0,0.0,0.0,0.0,0.0,0.0,0.0,0.0,0.0,0.0,0.0,0.0,0.0,0.0,0.0,0.0,0.006369426751592357,0.0,0.9171974522292994,0.012738853503184714,0.0,0.0,0.0,0.0,0.0,0.0,0.0,0.0,0.0,0.0,0.0,0.0,0.0,0.0,0.0,0.0,0.0,0.0,0.0,0.0,0.0,0.0,0.0,0.0,0.0,0.0,0.0,0.0,0.0,0.0,0.0,0.0,0.0,0.0,0.0
PlayingTabla,0.0,0.0,0.0,0.0,0.0,0.0,0.0,0.0,0.0,0.009009009009009009,0.0,0.018018018018018018,0.0,0.0,0.0,0.0,0.0,0.0,0.0,0.0,0.0,0.0,0.0,0.0,0.0,0.0,0.32432432432432434,0.0,0.0,0.0,0.0,0.0,0.0,0.0,0.0,0.0,0.0,0.0,0.0,0.0,0.0,0.0,0.0,0.0,0.0,0.0,0.0,0.0,0.0,0.0,0.0,0.0,0.0,0.0,0.0,0.009009009009009009,0.0,0.0,0.0,0.0,0.0,0.02702702702702703,0.0,0.0,0.22522522522522523,0.38738738738738737,0.0,0.0,0.0,0.0,0.0,0.0,0.0,0.0,0.0,0.0,0.0,0.0,0.0,0.0,0.0,0.0,0.0,0.0,0.0,0.0,0.0,0.0,0.0,0.0,0.0,0.0,0.0,0.0,0.0,0.0,0.0,0.0,0.0,0.0,0.0
PlayingViolin,0.0,0.0,0.01,0.0,0.0,0.01,0.0,0.0,0.0,0.0,0.0,0.0,0.0,0.0,0.0,0.0,0.0,0.0,0.0,0.0,0.0,0.0,0.0,0.0,0.0,0.0,0.0,0.0,0.0,0.0,0.0,0.0,0.0,0.0,0.0,0.0,0.0,0.0,0.0,0.0,0.0,0.0,0.0,0.0,0.01,0.0,0.0,0.0,0.0,0.0,0.0,0.0,0.0,0.0,0.0,0.0,0.0,0.0,0.45,0.0,0.0,0.11,0.01,0.0,0.05,0.08,0.26,0.0,0.0,0.0,0.0,0.0,0.0,0.0,0.01,0.0,0.0,0.0,0.0,0.0,0.0,0.0,0.0,0.0,0.0,0.0,0.0,0.0,0.0,0.0,0.0,0.0,0.0,0.0,0.0,0.0,0.0,0.0,0.0,0.0,0.0
PoleVault,0.0,0.0,0.006711409395973154,0.0,0.0,0.0,0.10067114093959731,0.006711409395973154,0.0,0.0,0.0,0.006711409395973154,0.0,0.0,0.0,0.0,0.0,0.0,0.0,0.0,0.0,0.0,0.006711409395973154,0.0,0.0,0.0,0.0,0.0,0.020134228187919462,0.0738255033557047,0.0,0.0,0.053691275167785234,0.0,0.0,0.0,0.0,0.0,0.0,0.10738255033557047,0.0,0.0,0.0,0.0,0.013422818791946308,0.0,0.0,0.0,0.020134228187919462,0.0,0.0,0.0,0.053691275167785234,0.0,0.0,0.0,0.0,0.0,0.0,0.0,0.0,0.0,0.0,0.0,0.0,0.0,0.0,0.2751677852348993,0.0,0.0,0.0,0.0,0.0,0.0,0.0,0.06711409395973154,0.0,0.0,0.03355704697986577,0.006711409395973154,0.013422818791946308,0.006711409395973154,0.0,0.0,0.10067114093959731,0.0,0.0,0.0,0.006711409395973154,0.0,0.0,0.020134228187919462,0.0,0.0,0.0,0.0,0.0,0.0,0.0,0.0,0.0
PommelHorse,0.0,0.0,0.0,0.0,0.008130081300813009,0.0,0.0,0.0,0.0,0.008130081300813009,0.0,0.0,0.0,0.0,0.0,0.008130081300813009,0.0,0.0,0.0,0.0,0.0,0.0,0.0,0.0,0.06504065040650407,0.0,0.0,0.0,0.0,0.10569105691056911,0.0,0.0,0.0,0.0,0.0,0.0,0.0,0.0,0.0,0.0,0.0,0.0,0.0,0.0,0.0,0.0,0.0,0.0,0.0,0.0,0.0,0.0,0.0,0.0,0.0,0.0,0.032520325203252036,0.0,0.0,0.0,0.0,0.0,0.0,0.0,0.0,0.0,0.0,0.0,0.7154471544715447,0.0,0.0,0.0,0.0,0.0,0.0,0.0,0.0,0.0,0.0,0.0,0.0,0.0,0.0,0.0,0.0,0.0,0.024390243902439025,0.0,0.0,0.032520325203252036,0.0,0.0,0.0,0.0,0.0,0.0,0.0,0.0,0.0,0.0,0.0
PullUps,0.0,0.0,0.0,0.0,0.04,0.0,0.0,0.04,0.0,0.01,0.0,0.0,0.0,0.0,0.12,0.0,0.0,0.0,0.0,0.0,0.02,0.0,0.0,0.04,0.04,0.0,0.0,0.0,0.01,0.14,0.0,0.04,0.01,0.0,0.0,0.0,0.14,0.0,0.04,0.03,0.0,0.0,0.0,0.0,0.0,0.0,0.0,0.0,0.0,0.0,0.0,0.0,0.01,0.0,0.01,0.0,0.2,0.0,0.0,0.0,0.0,0.0,0.0,0.0,0.0,0.0,0.0,0.0,0.0,0.0,0.0,0.0,0.0,0.0,0.0,0.0,0.0,0.0,0.0,0.0,0.0,0.0,0.0,0.0,0.0,0.0,0.0,0.0,0.05,0.0,0.0,0.0,0.0,0.0,0.0,0.0,0.0,0.0,0.0,0.01,0.0
Punch,0.0,0.0,0.0,0.0,0.0,0.0,0.0,0.0,0.0,0.0,0.0,0.0125,0.0,0.0,0.00625,0.0,0.73125,0.0625,0.0,0.0,0.0,0.0,0.0,0.0,0.0,0.0,0.0,0.0,0.0,0.0,0.0,0.0,0.0,0.0,0.0,0.0,0.0,0.0,0.0,0.0,0.0,0.0,0.0,0.0125,0.0,0.0,0.0,0.0,0.0,0.0,0.0,0.0,0.0,0.0,0.00625,0.0,0.00625,0.0,0.0,0.0,0.0,0.0,0.00625,0.0,0.0,0.0,0.0,0.0,0.0,0.0,0.0,0.0,0.0,0.0,0.0,0.0,0.0,0.0,0.0,0.0,0.0,0.0,0.0,0.0,0.0,0.0,0.15625,0.0,0.0,0.0,0.0,0.0,0.0,0.0,0.0,0.0,0.0,0.0,0.0,0.0,0.0
PushUps,0.0,0.0,0.0,0.0,0.029411764705882353,0.0,0.0,0.0,0.0,0.0392156862745098,0.0,0.0,0.0,0.0,0.0392156862745098,0.0,0.029411764705882353,0.0,0.0,0.00980392156862745,0.00980392156862745,0.00980392156862745,0.0392156862745098,0.00980392156862745,0.08823529411764706,0.0196078431372549,0.0,0.0,0.0,0.16666666666666666,0.0,0.0,0.0,0.0,0.0,0.0,0.00980392156862745,0.0,0.0,0.00980392156862745,0.0196078431372549,0.0,0.0,0.0392156862745098,0.0,0.0,0.0,0.0,0.0,0.0,0.0,0.0,0.0,0.0,0.029411764705882353,0.00980392156862745,0.0,0.0,0.0,0.0,0.0,0.0,0.0,0.00980392156862745,0.0,0.0,0.0,0.0,0.00980392156862745,0.0,0.049019607843137254,0.0,0.0,0.0,0.0,0.0,0.0,0.0,0.0,0.00980392156862745,0.0,0.0,0.0,0.0,0.0,0.0,0.30392156862745096,0.0,0.0,0.0,0.0,0.0,0.0,0.0,0.0,0.0,0.0,0.0,0.00980392156862745,0.0,0.0
Rafting,0.0,0.0,0.0,0.0,0.0,0.0,0.0,0.0,0.0,0.0,0.0,0.0,0.0,0.0,0.0,0.0,0.0,0.0,0.0,0.0,0.0,0.0,0.0,0.0,0.0,0.009009009009009009,0.0,0.0,0.0,0.0,0.0,0.0,0.0,0.0,0.0,0.0,0.0,0.0,0.0,0.0,0.009009009009009009,0.0,0.0,0.04504504504504504,0.0,0.0,0.0,0.0,0.14414414414414414,0.0,0.0,0.0,0.0,0.0,0.0,0.0,0.0,0.0,0.0,0.0,0.0,0.0,0.0,0.0,0.0,0.0,0.0,0.0,0.0,0.0,0.0,0.0,0.10810810810810811,0.0,0.0,0.3963963963963964,0.0,0.0,0.0,0.0,0.27927927927927926,0.0,0.0,0.0,0.0,0.0,0.0,0.009009009009009009,0.0,0.0,0.0,0.0,0.0,0.0,0.0,0.0,0.0,0.0,0.0,0.0,0.0
RockClimbingIndoor,0.0,0.0,0.0,0.0,0.10416666666666667,0.006944444444444444,0.0,0.0,0.006944444444444444,0.006944444444444444,0.0,0.0,0.0,0.0,0.0,0.0,0.0,0.0,0.0,0.0,0.0,0.006944444444444444,0.0,0.0,0.0,0.041666666666666664,0.0,0.0,0.0,0.0625,0.0,0.013888888888888888,0.0,0.0,0.0,0.0,0.0,0.0,0.0,0.0,0.0,0.0,0.013888888888888888,0.0,0.0,0.0,0.0,0.0,0.0,0.006944444444444444,0.0,0.0,0.006944444444444444,0.0,0.0,0.0,0.0,0.0,0.0,0.0,0.0,0.0,0.0,0.0,0.0,0.0,0.0,0.10416666666666667,0.0,0.0,0.006944444444444444,0.0,0.0,0.013888888888888888,0.4097222222222222,0.0,0.0,0.0,0.0,0.034722222222222224,0.0,0.020833333333333332,0.0,0.0,0.006944444444444444,0.0,0.0,0.0,0.0,0.0,0.0,0.020833333333333332,0.0,0.0,0.0,0.006944444444444444,0.0,0.0,0.027777777777777776,0.06944444444444445,0.0
RopeClimbing,0.0,0.0,0.0,0.0,0.10084033613445378,0.0,0.0,0.0,0.008403361344537815,0.008403361344537815,0.0,0.0,0.0,0.0,0.01680672268907563,0.0,0.01680672268907563,0.0,0.0,0.04201680672268908,0.008403361344537815,0.0,0.0,0.0,0.03361344537815126,0.01680672268907563,0.0,0.0,0.0,0.2184873949579832,0.0,0.03361344537815126,0.01680672268907563,0.0,0.0,0.0,0.008403361344537815,0.0,0.025210084033613446,0.008403361344537815,0.008403361344537815,0.0,0.025210084033613446,0.008403361344537815,0.0,0.0,0.008403361344537815,0.0,0.0,0.0,0.0,0.0,0.0,0.0,0.0,0.0,0.05042016806722689,0.0,0.0,0.0,0.0,0.0,0.0,0.008403361344537815,0.0,0.0,0.0,0.07563025210084033,0.0,0.0,0.025210084033613446,0.0,0.0,0.0,0.1092436974789916,0.0,0.0,0.0,0.0,0.03361344537815126,0.0,0.0,0.0,0.0,0.0,0.0,0.008403361344537815,0.0,0.058823529411764705,0.0,0.0,0.01680672268907563,0.0,0.0,0.0,0.0,0.0,0.0,0.0,0.0,0.0
Rowing,0.0,0.0,0.0,0.0,0.0,0.0,0.0,0.0,0.0,0.0,0.0,0.0,0.0,0.0,0.0,0.0,0.0,0.0,0.0,0.0,0.0,0.0,0.0,0.0,0.0,0.0072992700729927005,0.0,0.0,0.0,0.0,0.0,0.0,0.0,0.0,0.0,0.0,0.0,0.0,0.0,0.0072992700729927005,0.0,0.0,0.0,0.0,0.0,0.0,0.0,0.0,0.0,0.0,0.0,0.0,0.0,0.0,0.0,0.0,0.0,0.0,0.0,0.0,0.0,0.0,0.0,0.0,0.0,0.0,0.0,0.0072992700729927005,0.0,0.0,0.0,0.0,0.0,0.0,0.0,0.9197080291970803,0.0,0.0,0.0,0.0,0.0,0.0072992700729927005,0.0,0.0,0.0,0.0,0.0,0.0364963503649635,0.0,0.0,0.0,0.0,0.0,0.0,0.0,0.014598540145985401,0.0,0.0,0.0,0.0,0.0
SalsaSpin,0.0,0.0,0.0,0.0,0.03007518796992481,0.0,0.0,0.0,0.0,0.0,0.0,0.015037593984962405,0.0,0.022556390977443608,0.0,0.05263157894736842,0.07518796992481203,0.0,0.0,0.0,0.0,0.0,0.0,0.015037593984962405,0.0,0.0,0.0,0.0,0.0,0.2631578947368421,0.0,0.0,0.0,0.0,0.0,0.0,0.0,0.0,0.0,0.0,0.0,0.0,0.0,0.2631578947368421,0.0,0.0,0.0,0.0,0.0,0.0,0.0,0.0,0.0,0.0,0.007518796992481203,0.0,0.0,0.0,0.0,0.0,0.0,0.0,0.0,0.0,0.0,0.0,0.0,0.0,0.0,0.0,0.0,0.0,0.0,0.0,0.0,0.0,0.0,0.0,0.0,0.2556390977443609,0.0,0.0,0.0,0.0,0.0,0.0,0.0,0.0,0.0,0.0,0.0,0.0,0.0,0.0,0.0,0.0,0.0,0.0,0.0,0.0,0.0
ShavingBeard,0.043478260869565216,0.0,0.006211180124223602,0.0,0.0,0.0,0.0,0.0,0.0,0.0,0.0,0.018633540372670808,0.0,0.0,0.0,0.0,0.006211180124223602,0.0,0.0,0.012422360248447204,0.0,0.0,0.0,0.0,0.012422360248447204,0.0,0.0,0.0,0.0,0.0,0.0,0.018633540372670808,0.0,0.19254658385093168,0.0,0.0,0.0,0.0,0.043478260869565216,0.0,0.0,0.0,0.0,0.012422360248447204,0.0,0.0,0.0,0.0,0.0,0.0,0.0,0.0,0.018633540372670808,0.0,0.012422360248447204,0.0,0.0,0.0,0.006211180124223602,0.0,0.0,0.06832298136645963,0.012422360248447204,0.0,0.0,0.0,0.006211180124223602,0.0,0.0,0.0,0.037267080745341616,0.0,0.0,0.006211180124223602,0.0,0.0,0.0,0.45962732919254656,0.0,0.0,0.0,0.0,0.0,0.0,0.0,0.0,0.0,0.0,0.0,0.0,0.0,0.0,0.0,0.0,0.006211180124223602,0.0,0.0,0.0,0.0,0.0,0.0
Shotput,0.0,0.0,0.0,0.0,0.0,0.0,0.1597222222222222,0.2013888888888889,0.0,0.0,0.0,0.0,0.0,0.0,0.0,0.0,0.020833333333333332,0.0,0.0,0.0,0.0,0.0,0.0,0.0,0.0,0.0,0.0,0.0,0.034722222222222224,0.006944444444444444,0.0,0.0,0.1597222222222222,0.0,0.0,0.0,0.0,0.0,0.0,0.034722222222222224,0.013888888888888888,0.0,0.0,0.020833333333333332,0.0,0.0,0.0,0.0,0.0,0.0,0.0,0.0,0.0,0.0,0.0,0.0,0.020833333333333332,0.0,0.0,0.0,0.0,0.0,0.0,0.0,0.0,0.0,0.0,0.0,0.0,0.0,0.006944444444444444,0.0,0.0,0.0,0.0,0.0,0.0,0.0,0.020833333333333332,0.13194444444444445,0.0,0.0,0.0,0.0,0.006944444444444444,0.0,0.006944444444444444,0.0,0.0,0.027777777777777776,0.0,0.11805555555555555,0.0,0.006944444444444444,0.0,0.0,0.0,0.0,0.0,0.0,0.0
SkateBoarding,0.0,0.0,0.0,0.0,0.0,0.0,0.0,0.0,0.0,0.0,0.008333333333333333,0.0,0.0,0.008333333333333333,0.0,0.0,0.0,0.0,0.0,0.0,0.0,0.0,0.0,0.0,0.0,0.05,0.0,0.0,0.0,0.0,0.0,0.0,0.016666666666666666,0.0,0.0,0.0,0.0,0.0,0.0,0.0,0.0,0.0,0.0,0.0,0.0,0.0,0.0,0.0,0.016666666666666666,0.0,0.0,0.0,0.008333333333333333,0.0,0.0,0.0,0.0,0.0,0.0,0.0,0.0,0.0,0.0,0.0,0.0,0.0,0.0,0.0,0.0,0.0,0.0,0.0,0.0,0.0,0.0,0.008333333333333333,0.0,0.0,0.0,0.8416666666666667,0.025,0.008333333333333333,0.0,0.0,0.0,0.0,0.0,0.0,0.0,0.0,0.0,0.008333333333333333,0.0,0.0,0.0,0.0,0.0,0.0,0.0,0.0,0.0
Skiing,0.0,0.0,0.0,0.0,0.0,0.0,0.0,0.0,0.0,0.0,0.0,0.0,0.0,0.0,0.0,0.0,0.0,0.0,0.0,0.0,0.0,0.0,0.0,0.0,0.0,0.0,0.0,0.0,0.007407407407407408,0.0,0.0,0.0,0.0,0.0,0.0,0.0,0.0,0.0,0.0,0.0,0.0,0.0,0.0,0.014814814814814815,0.0,0.0,0.0,0.0,0.0,0.0,0.0,0.0,0.0,0.0,0.0,0.0,0.0,0.0,0.0,0.0,0.0,0.0,0.0,0.0,0.0,0.0,0.0,0.0,0.0,0.0,0.0,0.0,0.0,0.0,0.02962962962962963,0.0,0.0,0.0,0.0,0.05185185185185185,0.8222222222222222,0.014814814814814815,0.0,0.0,0.0,0.0,0.0,0.044444444444444446,0.0,0.0,0.0,0.0,0.0,0.0,0.0,0.0,0.0,0.0,0.014814814814814815,0.0,0.0
Skijet,0.0,0.0,0.0,0.0,0.0,0.0,0.0,0.0,0.0,0.0,0.0,0.0,0.0,0.0,0.0,0.0,0.0,0.0,0.0,0.0,0.0,0.0,0.0,0.0,0.0,0.01,0.0,0.0,0.0,0.0,0.0,0.0,0.0,0.0,0.0,0.0,0.0,0.0,0.0,0.0,0.0,0.0,0.0,0.01,0.0,0.0,0.0,0.0,0.29,0.0,0.0,0.0,0.0,0.0,0.0,0.0,0.0,0.0,0.0,0.0,0.0,0.0,0.0,0.0,0.0,0.0,0.0,0.0,0.0,0.0,0.0,0.0,0.01,0.0,0.0,0.39,0.0,0.0,0.0,0.0,0.0,0.0,0.01,0.0,0.0,0.0,0.0,0.28,0.0,0.0,0.0,0.0,0.0,0.0,0.0,0.0,0.0,0.0,0.0,0.0,0.0
SkyDiving,0.0,0.0,0.0,0.0,0.0,0.0,0.0,0.0,0.0,0.0,0.02727272727272727,0.0,0.0,0.0,0.0,0.0,0.0,0.0,0.0,0.0,0.0,0.0,0.0,0.0,0.0,0.32727272727272727,0.0,0.0,0.0,0.02727272727272727,0.0,0.0,0.0,0.0,0.0,0.0,0.0,0.0,0.0,0.0,0.0,0.0,0.01818181818181818,0.045454545454545456,0.0,0.0,0.15454545454545454,0.0,0.0,0.0,0.0,0.0,0.0,0.0,0.0,0.0,0.0,0.0,0.0,0.0,0.0,0.0,0.0,0.0,0.0,0.0,0.0,0.0,0.0,0.0,0.0,0.0,0.0,0.0,0.00909090909090909,0.0,0.0,0.0,0.0,0.00909090909090909,0.045454545454545456,0.22727272727272727,0.1,0.0,0.0,0.0,0.0,0.00909090909090909,0.0,0.0,0.0,0.0,0.0,0.0,0.0,0.0,0.0,0.0,0.0,0.0,0.0
SoccerJuggling,0.0,0.0,0.0,0.0,0.0,0.0,0.0,0.047619047619047616,0.0,0.0,0.006802721088435374,0.0,0.0,0.0,0.006802721088435374,0.0,0.0,0.0,0.0,0.0,0.0,0.006802721088435374,0.0,0.0,0.0,0.0,0.0,0.0,0.0,0.05442176870748299,0.0,0.0,0.23809523809523808,0.0,0.0,0.0,0.013605442176870748,0.0,0.0,0.0,0.0,0.0,0.0,0.0,0.0,0.0,0.0,0.0,0.0,0.0,0.0,0.0,0.0,0.0,0.0,0.0,0.0,0.0,0.0,0.0,0.0,0.0,0.0,0.0,0.0,0.0,0.0,0.0,0.0,0.0,0.0,0.0,0.0,0.0,0.0,0.0,0.0,0.0,0.0,0.3469387755102041,0.0,0.0,0.0,0.006802721088435374,0.0,0.0,0.0,0.013605442176870748,0.0,0.0,0.0,0.2585034013605442,0.0,0.0,0.0,0.0,0.0,0.0,0.0,0.0,0.0
SoccerPenalty,0.0,0.0,0.0,0.0,0.0,0.0,0.2846715328467153,0.0,0.0,0.0,0.0,0.0,0.0,0.0,0.0,0.0,0.0,0.0,0.0,0.0,0.0,0.0,0.0,0.0,0.0,0.0,0.0,0.0,0.0,0.0,0.0,0.0,0.0,0.0,0.0,0.0,0.0,0.0,0.0,0.0,0.0,0.0,0.0,0.0,0.0,0.0,0.0,0.0,0.0,0.0,0.0,0.0,0.0,0.0,0.0,0.0,0.0,0.0,0.0,0.0,0.0,0.0,0.0,0.0,0.0,0.0,0.0,0.0,0.0,0.0,0.0,0.0,0.0,0.0,0.0,0.0,0.0,0.0,0.0,0.0,0.0,0.0,0.0,0.0,0.5912408759124088,0.0,0.0,0.0,0.0,0.0,0.0,0.12408759124087591,0.0,0.0,0.0,0.0,0.0,0.0,0.0,0.0,0.0
StillRings,0.0,0.0,0.0,0.0,0.08928571428571429,0.008928571428571428,0.0,0.026785714285714284,0.008928571428571428,0.0,0.0,0.0,0.0,0.0,0.0,0.0,0.0,0.0,0.0,0.0,0.0,0.0,0.0,0.0,0.0,0.0,0.0,0.0,0.008928571428571428,0.10714285714285714,0.0,0.0,0.0,0.0,0.0,0.0,0.0,0.0,0.0,0.008928571428571428,0.0,0.0,0.044642857142857144,0.044642857142857144,0.0,0.0,0.0,0.0,0.0,0.0,0.0,0.0,0.0,0.0,0.0,0.0,0.4642857142857143,0.0,0.0,0.0,0.0,0.0,0.0,0.008928571428571428,0.0,0.0,0.0,0.017857142857142856,0.0,0.0,0.0,0.0,0.0,0.0,0.0,0.008928571428571428,0.0,0.0,0.0,0.0,0.0,0.0,0.0,0.0,0.044642857142857144,0.0,0.0,0.0,0.10714285714285714,0.0,0.0,0.0,0.0,0.0,0.0,0.0,0.0,0.0,0.0,0.0,0.0
SumoWrestling,0.0,0.0,0.0,0.0,0.017241379310344827,0.0,0.0,0.0,0.0,0.0,0.0,0.0,0.0,0.0,0.0,0.0,0.008620689655172414,0.0,0.0,0.0,0.0,0.0,0.0,0.0,0.0,0.0,0.0,0.0,0.0,0.06896551724137931,0.0,0.0,0.0,0.0,0.0,0.0,0.0,0.0,0.0,0.0,0.0,0.0,0.0,0.008620689655172414,0.0,0.0,0.0,0.0,0.0,0.0,0.0,0.0,0.0,0.0,0.0,0.0,0.0,0.0,0.0,0.0,0.0,0.0,0.0,0.0,0.0,0.0,0.0,0.0,0.0,0.0,0.0,0.0,0.0,0.0,0.0,0.0,0.0,0.0,0.0,0.0,0.0,0.0,0.0,0.0,0.0,0.008620689655172414,0.8879310344827587,0.0,0.0,0.0,0.0,0.0,0.0,0.0,0.0,0.0,0.0,0.0,0.0,0.0,0.0
Surfing,0.0,0.0,0.0,0.0,0.0,0.0,0.0,0.0,0.0,0.0,0.0,0.0,0.0,0.0,0.0,0.0,0.0,0.0,0.0,0.0,0.0,0.0,0.0,0.0,0.0,0.0,0.0,0.0,0.0,0.0,0.0,0.0,0.0,0.0,0.0,0.0,0.0,0.0,0.0,0.0,0.0,0.0,0.0,0.047619047619047616,0.0,0.0,0.0,0.0,0.007936507936507936,0.0,0.0,0.0,0.0,0.007936507936507936,0.0,0.0,0.0,0.0,0.0,0.0,0.0,0.0,0.0,0.0,0.0,0.0,0.0,0.0,0.0,0.0,0.0,0.0,0.0,0.0,0.0,0.0,0.0,0.0,0.0,0.0,0.015873015873015872,0.0,0.015873015873015872,0.0,0.0,0.0,0.0,0.9047619047619048,0.0,0.0,0.0,0.0,0.0,0.0,0.0,0.0,0.0,0.0,0.0,0.0,0.0
Swing,0.0,0.0,0.007633587786259542,0.0,0.0,0.0,0.0,0.0,0.0,0.007633587786259542,0.0,0.0,0.0,0.0,0.0,0.0,0.0,0.0,0.0,0.0,0.0,0.0,0.022900763358778626,0.0,0.0,0.04580152671755725,0.0,0.0,0.0,0.0,0.0,0.030534351145038167,0.1450381679389313,0.0,0.0,0.0,0.0,0.007633587786259542,0.0,0.0,0.0,0.0,0.0,0.0,0.0,0.0,0.0,0.0,0.0,0.015267175572519083,0.0,0.0,0.022900763358778626,0.0,0.0,0.0,0.0,0.0,0.0,0.0,0.0,0.0,0.0,0.0,0.0,0.0,0.0,0.0,0.0,0.0,0.0,0.0,0.015267175572519083,0.0,0.05343511450381679,0.0,0.0,0.0,0.0,0.12213740458015267,0.0,0.0,0.0,0.0,0.007633587786259542,0.0,0.0,0.0,0.45038167938931295,0.0,0.0,0.04580152671755725,0.0,0.0,0.0,0.0,0.0,0.0,0.0,0.0,0.0
TableTennisShot,0.0,0.0,0.0,0.0,0.014285714285714285,0.0,0.0,0.0,0.0,0.0,0.0,0.12142857142857143,0.0,0.0,0.0,0.0,0.0,0.0,0.0,0.0,0.0,0.0,0.0,0.0,0.0,0.0,0.0,0.0,0.0,0.0,0.0,0.007142857142857143,0.0,0.0,0.0,0.0,0.0,0.0,0.0,0.0,0.0,0.0,0.0,0.04285714285714286,0.0,0.0,0.0,0.0,0.0,0.0,0.0,0.0,0.0,0.0,0.0,0.0,0.0,0.0,0.0,0.0,0.0,0.0,0.0,0.02857142857142857,0.0,0.07857142857142857,0.0,0.0,0.0,0.0,0.0,0.0,0.0,0.0,0.0,0.0,0.0,0.0,0.0,0.0,0.0,0.0,0.0,0.0,0.0,0.0,0.0,0.0,0.0,0.6642857142857143,0.0,0.04285714285714286,0.0,0.0,0.0,0.0,0.0,0.0,0.0,0.0,0.0
TaiChi,0.0,0.0,0.0,0.0,0.0,0.0,0.05,0.04,0.0,0.0,0.0,0.0,0.0,0.0,0.0,0.0,0.11,0.0,0.0,0.0,0.0,0.0,0.25,0.0,0.0,0.0,0.0,0.03,0.0,0.0,0.0,0.0,0.28,0.0,0.0,0.0,0.0,0.0,0.0,0.0,0.0,0.0,0.0,0.08,0.0,0.0,0.03,0.0,0.0,0.0,0.0,0.0,0.0,0.0,0.0,0.0,0.0,0.0,0.0,0.0,0.0,0.0,0.0,0.0,0.0,0.0,0.0,0.0,0.0,0.0,0.0,0.0,0.0,0.0,0.0,0.0,0.0,0.0,0.0,0.07,0.0,0.0,0.0,0.0,0.0,0.0,0.01,0.0,0.0,0.03,0.01,0.0,0.0,0.0,0.01,0.0,0.0,0.0,0.0,0.0,0.0
TennisSwing,0.0,0.0,0.0,0.0,0.0,0.0,0.006024096385542169,0.030120481927710843,0.0,0.0,0.0,0.006024096385542169,0.0,0.0,0.0,0.0,0.0,0.0,0.0,0.0,0.0,0.0,0.018072289156626505,0.0,0.0,0.0,0.0,0.0,0.0,0.0,0.0,0.0,0.006024096385542169,0.0,0.0,0.0,0.0,0.0,0.0,0.0,0.0,0.0,0.0,0.0,0.0,0.0,0.0,0.0,0.0,0.0,0.0,0.0,0.0,0.0,0.0,0.0,0.0,0.0,0.0,0.0,0.0,0.0,0.0,0.0,0.0,0.0,0.0,0.0,0.0,0.0,0.0,0.0,0.0,0.0,0.0,0.0,0.0,0.0,0.006024096385542169,0.05421686746987952,0.0,0.0,0.0,0.006024096385542169,0.0,0.0,0.0,0.0,0.0,0.0,0.030120481927710843,0.8373493975903614,0.0,0.0,0.0,0.0,0.0,0.0,0.0,0.0,0.0
ThrowDiscus,0.0,0.0,0.0,0.0,0.0,0.0,0.09230769230769231,0.015384615384615385,0.007692307692307693,0.0,0.0,0.0,0.0,0.0,0.0,0.0,0.015384615384615385,0.0,0.0,0.0,0.0,0.0,0.1076923076923077,0.0,0.007692307692307693,0.0,0.007692307692307693,0.015384615384615385,0.015384615384615385,0.03076923076923077,0.0,0.007692307692307693,0.07692307692307693,0.0,0.0,0.0,0.0,0.0,0.0,0.06153846153846154,0.0,0.0,0.0,0.03076923076923077,0.0,0.0,0.0,0.0,0.0,0.0,0.0,0.0,0.0,0.0,0.0,0.0,0.007692307692307693,0.0,0.0,0.0,0.0,0.0,0.0,0.0,0.0,0.0,0.0,0.007692307692307693,0.0,0.0,0.0,0.0,0.0,0.0,0.0,0.0,0.0,0.0,0.015384615384615385,0.16153846153846155,0.0,0.0,0.0,0.007692307692307693,0.0,0.0,0.0,0.007692307692307693,0.023076923076923078,0.0,0.0,0.26153846153846155,0.0,0.015384615384615385,0.0,0.0,0.0,0.0,0.0,0.0,0.0
TrampolineJumping,0.0,0.0,0.0,0.0,0.0,0.0,0.0,0.008403361344537815,0.0,0.01680672268907563,0.0,0.0,0.0,0.0,0.0,0.0,0.008403361344537815,0.0,0.0,0.008403361344537815,0.008403361344537815,0.0,0.0,0.0,0.0,0.008403361344537815,0.0,0.0,0.0,0.01680672268907563,0.0,0.04201680672268908,0.025210084033613446,0.0,0.0,0.0,0.0,0.0,0.0,0.0,0.0,0.008403361344537815,0.0,0.0,0.0,0.0,0.0,0.0,0.0,0.0,0.0,0.0,0.0,0.0,0.0,0.0,0.058823529411764705,0.0,0.0,0.0,0.0,0.0,0.008403361344537815,0.0,0.0,0.0,0.0,0.008403361344537815,0.0,0.0,0.0,0.0,0.0,0.0,0.0,0.01680672268907563,0.0,0.0,0.0,0.13445378151260504,0.0,0.0,0.0,0.0,0.0,0.0,0.0,0.0,0.0,0.0,0.0,0.0,0.0,0.6218487394957983,0.0,0.0,0.0,0.0,0.0,0.0,0.0
Typing,0.0,0.0,0.0,0.0,0.0,0.0,0.0,0.0,0.0,0.0,0.0,0.0,0.0,0.0,0.051470588235294115,0.0,0.0,0.0,0.0,0.0,0.0,0.0,0.0,0.0,0.0,0.0,0.0,0.0,0.0,0.0,0.0,0.0,0.0,0.0,0.0,0.0,0.0,0.0,0.029411764705882353,0.0,0.0,0.0,0.0,0.0,0.0,0.0,0.0,0.0,0.0,0.0,0.0,0.0,0.0,0.0,0.0,0.0,0.0,0.0,0.0,0.0,0.0,0.0,0.0,0.014705882352941176,0.0,0.0,0.007352941176470588,0.0,0.0,0.0,0.0,0.0,0.0,0.0,0.0,0.0,0.0,0.0,0.0,0.0,0.0,0.0,0.0,0.0,0.0,0.0,0.0,0.0,0.0,0.0,0.0,0.0,0.0,0.0,0.8970588235294118,0.0,0.0,0.0,0.0,0.0,0.0
UnevenBars,0.0,0.0,0.0,0.0,0.10576923076923077,0.0,0.0,0.0,0.0,0.0,0.0,0.0,0.0,0.0,0.0,0.0,0.0,0.0,0.0,0.0,0.0,0.0,0.0,0.0,0.0,0.0,0.0,0.0,0.009615384615384616,0.038461538461538464,0.0,0.0,0.0,0.0,0.0,0.0,0.0,0.0,0.0,0.0,0.0,0.0,0.0,0.019230769230769232,0.0,0.0,0.0,0.0,0.0,0.0,0.0,0.0,0.0,0.0,0.0,0.0,0.7403846153846154,0.0,0.0,0.0,0.0,0.0,0.0,0.0,0.0,0.0,0.0,0.0,0.0,0.0,0.0,0.0,0.0,0.0,0.0,0.0,0.0,0.0,0.0,0.0,0.0,0.0,0.0,0.0,0.0,0.0,0.07692307692307693,0.0,0.0,0.009615384615384616,0.0,0.0,0.0,0.0,0.0,0.0,0.0,0.0,0.0,0.0,0.0
VolleyballSpiking,0.0,0.0,0.0,0.0,0.0,0.0,0.0,0.6810344827586207,0.0,0.0,0.0,0.0,0.0,0.0,0.008620689655172414,0.0,0.0603448275862069,0.0,0.0,0.0,0.0,0.0,0.008620689655172414,0.0,0.0,0.0,0.0,0.0,0.034482758620689655,0.02586206896551724,0.0,0.0,0.0,0.0,0.0,0.0,0.0,0.0,0.0,0.0,0.017241379310344827,0.0,0.0,0.04310344827586207,0.0,0.0,0.0,0.0,0.0,0.0,0.0,0.0,0.0,0.0,0.0,0.0,0.06896551724137931,0.0,0.0,0.0,0.0,0.0,0.0,0.0,0.0,0.0,0.0,0.0,0.0,0.0,0.0,0.0,0.0,0.0,0.0,0.0,0.0,0.0,0.0,0.017241379310344827,0.0,0.0,0.0,0.0,0.0,0.0,0.0,0.0,0.0,0.0,0.0,0.008620689655172414,0.0,0.0,0.0,0.0,0.02586206896551724,0.0,0.0,0.0,0.0
WalkingWithDog,0.0,0.0,0.0,0.0,0.0,0.0,0.0,0.0,0.0,0.0,0.04065040650406504,0.008130081300813009,0.0,0.0,0.0,0.0,0.0,0.0,0.0,0.0,0.0,0.0,0.024390243902439025,0.0,0.0,0.008130081300813009,0.0,0.008130081300813009,0.016260162601626018,0.0,0.0,0.0,0.13008130081300814,0.0,0.0,0.0,0.0,0.016260162601626018,0.0,0.0,0.0,0.024390243902439025,0.0,0.024390243902439025,0.0,0.0,0.016260162601626018,0.0,0.0,0.0,0.0,0.0,0.0,0.0,0.0,0.0,0.0,0.0,0.0,0.0,0.0,0.0,0.0,0.0,0.0,0.0,0.0,0.0,0.0,0.0,0.0,0.0,0.0,0.0,0.0,0.024390243902439025,0.0,0.0,0.0,0.15447154471544716,0.11382113821138211,0.016260162601626018,0.0,0.0,0.0,0.0,0.0,0.0,0.0,0.0,0.0,0.0,0.0,0.0,0.0,0.008130081300813009,0.0,0.35772357723577236,0.0,0.008130081300813009,0.0
WallPushups,0.0,0.0,0.0,0.0,0.046153846153846156,0.0,0.023076923076923078,0.0,0.0,0.023076923076923078,0.0,0.03076923076923077,0.0,0.007692307692307693,0.06153846153846154,0.0,0.0,0.0,0.0,0.0,0.08461538461538462,0.0,0.0,0.0,0.007692307692307693,0.023076923076923078,0.0,0.0,0.0,0.08461538461538462,0.0,0.1,0.046153846153846156,0.0,0.0,0.0,0.007692307692307693,0.1076923076923077,0.03076923076923077,0.0,0.0,0.0,0.0,0.038461538461538464,0.0,0.007692307692307693,0.0,0.0,0.0,0.0,0.05384615384615385,0.0,0.023076923076923078,0.0,0.0,0.023076923076923078,0.0,0.0,0.0,0.0,0.0,0.007692307692307693,0.0,0.0,0.023076923076923078,0.0,0.0,0.0,0.0,0.0,0.0,0.0,0.0,0.0,0.0,0.0,0.0,0.0,0.0,0.06153846153846154,0.0,0.0,0.0,0.0,0.0,0.0,0.0,0.0,0.0,0.0,0.0,0.07692307692307693,0.0,0.0,0.0,0.0,0.0,0.0,0.0,0.0,0.0
WritingOnBoard,0.0,0.0,0.006578947368421052,0.013157894736842105,0.019736842105263157,0.0,0.006578947368421052,0.0,0.0,0.05263157894736842,0.0,0.0,0.006578947368421052,0.019736842105263157,0.006578947368421052,0.013157894736842105,0.013157894736842105,0.0,0.0,0.0,0.07236842105263158,0.0,0.0,0.0,0.006578947368421052,0.006578947368421052,0.0,0.02631578947368421,0.0,0.019736842105263157,0.0,0.03289473684210526,0.0,0.0,0.0,0.0,0.0,0.0,0.02631578947368421,0.0,0.0,0.0,0.0,0.006578947368421052,0.0,0.0,0.0,0.0,0.0,0.0,0.0,0.0,0.05263157894736842,0.0,0.0,0.0,0.03289473684210526,0.0,0.02631578947368421,0.0,0.0,0.03289473684210526,0.0,0.013157894736842105,0.006578947368421052,0.013157894736842105,0.013157894736842105,0.0,0.006578947368421052,0.0,0.0,0.0,0.0,0.0,0.0,0.0,0.0,0.0,0.0,0.0,0.0,0.0,0.006578947368421052,0.0,0.0,0.0,0.0,0.0,0.0,0.006578947368421052,0.05263157894736842,0.02631578947368421,0.0,0.0,0.06578947368421052,0.0,0.0,0.0,0.02631578947368421,0.2631578947368421,0.0
YoYo,0.0,0.0,0.015625,0.0,0.015625,0.015625,0.09375,0.03125,0.0546875,0.0,0.0390625,0.0,0.0,0.0,0.0078125,0.0,0.0625,0.0078125,0.0,0.0,0.0078125,0.0,0.0,0.0,0.0,0.0,0.0,0.0,0.0,0.015625,0.0,0.0625,0.0546875,0.0,0.0,0.0,0.0,0.0,0.015625,0.0,0.0,0.0,0.0078125,0.0,0.0,0.0546875,0.0,0.0,0.0,0.0078125,0.0,0.0,0.03125,0.0,0.0,0.015625,0.0,0.0078125,0.0,0.0,0.0,0.015625,0.0078125,0.0,0.046875,0.046875,0.078125,0.0,0.0,0.0,0.0,0.0,0.0,0.0,0.0078125,0.0,0.0,0.0,0.0,0.0,0.0,0.0,0.0,0.0,0.0390625,0.0,0.046875,0.0,0.0,0.0078125,0.03125,0.0390625,0.0,0.0,0.0,0.0,0.0,0.0078125,0.0,0.0,0.0
