,action_name,ucf-101-fasttext.config_o_NAa_10kobj_5ksce_100kobjsce_0xdiscr_0adiscr_1.0lambda_Englishl_accuracy,ucf-101-fasttext.config_o_NAa_50kobj_5ksce_100kobjsce_0xdiscr_0adiscr_1.0lambda_Englishl_accuracy,ucf-101-fasttext.config_o_NAa_100kobj_5ksce_100kobjsce_0xdiscr_0adiscr_1.0lambda_Englishl_accuracy,ucf-101-fasttext.config_s_NAa_100kobj_3ksce_100kobjsce_0xdiscr_0adiscr_1.0lambda_Englishl_accuracy,ucf-101-fasttext.config_s_NAa_100kobj_5ksce_100kobjsce_0xdiscr_0adiscr_1.0lambda_Englishl_accuracy,ucf-101-fasttext.config_s_NAa_100kobj_10ksce_100kobjsce_0xdiscr_0adiscr_1.0lambda_Englishl_accuracy,ucf-101-fasttext.config_os_simplea_10kobj_3ksce_100kobjsce_0xdiscr_0adiscr_1.0lambda_Englishl_accuracy,ucf-101-fasttext.config_os_simplea_10kobj_5ksce_100kobjsce_0xdiscr_0adiscr_1.0lambda_Englishl_accuracy,ucf-101-fasttext.config_os_simplea_10kobj_10ksce_100kobjsce_0xdiscr_0adiscr_1.0lambda_Englishl_accuracy,ucf-101-fasttext.config_os_simplea_50kobj_3ksce_100kobjsce_0xdiscr_0adiscr_1.0lambda_Englishl_accuracy,ucf-101-fasttext.config_os_simplea_50kobj_5ksce_100kobjsce_0xdiscr_0adiscr_1.0lambda_Englishl_accuracy,ucf-101-fasttext.config_os_simplea_50kobj_10ksce_100kobjsce_0xdiscr_0adiscr_1.0lambda_Englishl_accuracy,ucf-101-fasttext.config_os_simplea_100kobj_3ksce_100kobjsce_0xdiscr_0adiscr_1.0lambda_Englishl_accuracy,ucf-101-fasttext.config_os_simplea_100kobj_5ksce_100kobjsce_0xdiscr_0adiscr_1.0lambda_Englishl_accuracy,ucf-101-fasttext.config_os_simplea_100kobj_10ksce_100kobjsce_0xdiscr_0adiscr_1.0lambda_Englishl_accuracy,ucf-101-fasttext.config_os_paireda_100kobj_5ksce_100kobjsce_0xdiscr_0adiscr_0.75lambda_Englishl_accuracy,ucf-101-fasttext.config_os_paireda_100kobj_5ksce_100kobjsce_0xdiscr_0adiscr_1.0lambda_Englishl_accuracy,ucf-101-fasttext.config_os_paireda_100kobj_5ksce_250kobjsce_0xdiscr_0adiscr_0.75lambda_Englishl_accuracy,ucf-101-fasttext.config_os_paireda_100kobj_5ksce_250kobjsce_0xdiscr_0adiscr_1.0lambda_Englishl_accuracy,ucf-101-fasttext.config_os_paireda_100kobj_5ksce_500kobjsce_0xdiscr_0adiscr_0.75lambda_Englishl_accuracy,ucf-101-fasttext.config_os_paireda_100kobj_5ksce_500kobjsce_0xdiscr_0adiscr_1.0lambda_Englishl_accuracy,ucf-101-fasttext.config_or_NAa_10kobj_3ksce_100kobjsce_0xdiscr_0adiscr_1.0lambda_Englishl_accuracy,ucf-101-fasttext.config_or_NAa_10kobj_5ksce_100kobjsce_0xdiscr_0adiscr_1.0lambda_Englishl_accuracy,ucf-101-fasttext.config_or_NAa_10kobj_10ksce_100kobjsce_0xdiscr_0adiscr_1.0lambda_Englishl_accuracy,ucf-101-fasttext.config_or_NAa_50kobj_3ksce_100kobjsce_0xdiscr_0adiscr_1.0lambda_Englishl_accuracy,ucf-101-fasttext.config_or_NAa_50kobj_5ksce_100kobjsce_0xdiscr_0adiscr_1.0lambda_Englishl_accuracy,ucf-101-fasttext.config_or_NAa_50kobj_10ksce_100kobjsce_0xdiscr_0adiscr_1.0lambda_Englishl_accuracy,ucf-101-fasttext.config_or_NAa_100kobj_3ksce_100kobjsce_0xdiscr_0adiscr_1.0lambda_Englishl_accuracy,ucf-101-fasttext.config_or_NAa_100kobj_5ksce_100kobjsce_0xdiscr_0adiscr_1.0lambda_Englishl_accuracy,ucf-101-fasttext.config_or_NAa_100kobj_10ksce_100kobjsce_0xdiscr_0adiscr_1.0lambda_Englishl_accuracy,ucf-101-sbert.config_o_NAa_10kobj_5ksce_100kobjsce_0xdiscr_0adiscr_1.0lambda_Englishl_accuracy,ucf-101-sbert.config_o_NAa_50kobj_5ksce_100kobjsce_0xdiscr_0adiscr_1.0lambda_Englishl_accuracy,ucf-101-sbert.config_o_NAa_100kobj_5ksce_100kobjsce_0xdiscr_0adiscr_1.0lambda_Englishl_accuracy,ucf-101-sbert.config_s_NAa_100kobj_3ksce_100kobjsce_0xdiscr_0adiscr_1.0lambda_Englishl_accuracy,ucf-101-sbert.config_s_NAa_100kobj_5ksce_100kobjsce_0xdiscr_0adiscr_1.0lambda_Englishl_accuracy,ucf-101-sbert.config_s_NAa_100kobj_10ksce_100kobjsce_0xdiscr_0adiscr_1.0lambda_Englishl_accuracy,ucf-101-sbert.config_os_simplea_10kobj_3ksce_100kobjsce_0xdiscr_0adiscr_1.0lambda_Englishl_accuracy,ucf-101-sbert.config_os_simplea_10kobj_5ksce_100kobjsce_0xdiscr_0adiscr_1.0lambda_Englishl_accuracy,ucf-101-sbert.config_os_simplea_10kobj_10ksce_100kobjsce_0xdiscr_0adiscr_1.0lambda_Englishl_accuracy,ucf-101-sbert.config_os_simplea_50kobj_3ksce_100kobjsce_0xdiscr_0adiscr_1.0lambda_Englishl_accuracy,ucf-101-sbert.config_os_simplea_50kobj_5ksce_100kobjsce_0xdiscr_0adiscr_1.0lambda_Englishl_accuracy,ucf-101-sbert.config_os_simplea_50kobj_10ksce_100kobjsce_0xdiscr_0adiscr_1.0lambda_Englishl_accuracy,ucf-101-sbert.config_os_simplea_100kobj_3ksce_100kobjsce_0xdiscr_0adiscr_1.0lambda_Englishl_accuracy,ucf-101-sbert.config_os_simplea_100kobj_5ksce_100kobjsce_0xdiscr_0adiscr_1.0lambda_Englishl_accuracy,ucf-101-sbert.config_os_simplea_100kobj_10ksce_100kobjsce_0xdiscr_0adiscr_1.0lambda_Englishl_accuracy,ucf-101-sbert.config_os_paireda_100kobj_5ksce_100kobjsce_0xdiscr_0adiscr_0.75lambda_Englishl_accuracy,ucf-101-sbert.config_os_paireda_100kobj_5ksce_100kobjsce_0xdiscr_0adiscr_1.0lambda_Englishl_accuracy,ucf-101-sbert.config_os_paireda_100kobj_5ksce_250kobjsce_0xdiscr_0adiscr_0.75lambda_Englishl_accuracy,ucf-101-sbert.config_os_paireda_100kobj_5ksce_250kobjsce_0xdiscr_0adiscr_1.0lambda_Englishl_accuracy,ucf-101-sbert.config_os_paireda_100kobj_5ksce_500kobjsce_0xdiscr_0adiscr_0.75lambda_Englishl_accuracy,ucf-101-sbert.config_os_paireda_100kobj_5ksce_500kobjsce_0xdiscr_0adiscr_1.0lambda_Englishl_accuracy,ucf-101-sbert.config_or_NAa_10kobj_3ksce_100kobjsce_0xdiscr_0adiscr_1.0lambda_Englishl_accuracy,ucf-101-sbert.config_or_NAa_10kobj_5ksce_100kobjsce_0xdiscr_0adiscr_1.0lambda_Englishl_accuracy,ucf-101-sbert.config_or_NAa_10kobj_10ksce_100kobjsce_0xdiscr_0adiscr_1.0lambda_Englishl_accuracy,ucf-101-sbert.config_or_NAa_50kobj_3ksce_100kobjsce_0xdiscr_0adiscr_1.0lambda_Englishl_accuracy,ucf-101-sbert.config_or_NAa_50kobj_5ksce_100kobjsce_0xdiscr_0adiscr_1.0lambda_Englishl_accuracy,ucf-101-sbert.config_or_NAa_50kobj_10ksce_100kobjsce_0xdiscr_0adiscr_1.0lambda_Englishl_accuracy,ucf-101-sbert.config_or_NAa_100kobj_3ksce_100kobjsce_0xdiscr_0adiscr_1.0lambda_Englishl_accuracy,ucf-101-sbert.config_or_NAa_100kobj_5ksce_100kobjsce_0xdiscr_0adiscr_1.0lambda_Englishl_accuracy,ucf-101-sbert.config_or_NAa_100kobj_10ksce_100kobjsce_0xdiscr_0adiscr_1.0lambda_Englishl_accuracy,kinetics-sbert.config_os_paireda_100kobj_5ksce_250kobjsce_0xdiscr_0adiscr_0.75lambda_Englishl_accuracy,kinetics-fasttext.config_os_paireda_100kobj_5ksce_250kobjsce_0xdiscr_0adiscr_0.75lambda_Englishl_accuracy
0,ApplyEyeMakeup,0.6275862068965518,0.7241379310344828,0.696551724137931,0.0137931034482758,0.0,0.0137931034482758,0.3034482758620689,0.2689655172413793,0.296551724137931,0.4344827586206896,0.3862068965517241,0.4344827586206896,0.4068965517241379,0.3724137931034483,0.4275862068965517,0.6827586206896552,0.6689655172413793,0.6827586206896552,0.6896551724137931,0.6620689655172414,0.6758620689655173,0.6275862068965518,0.6275862068965518,0.6275862068965518,0.7241379310344828,0.7241379310344828,0.7241379310344828,0.696551724137931,0.696551724137931,0.696551724137931,0.593103448275862,0.503448275862069,0.4758620689655172,0.4275862068965517,0.2620689655172414,0.2137931034482758,0.6758620689655173,0.4758620689655172,0.4344827586206896,0.8206896551724138,0.6137931034482759,0.503448275862069,0.8137931034482758,0.6482758620689655,0.5517241379310345,0.7655172413793103,0.7655172413793103,0.7034482758620689,0.6551724137931034,0.7172413793103448,0.7310344827586207,0.593103448275862,0.593103448275862,0.593103448275862,0.503448275862069,0.503448275862069,0.503448275862069,0.4758620689655172,0.4758620689655172,0.4758620689655172,0.0038461538461538,0.011538461538461539
1,ApplyLipstick,0.2543859649122807,0.0087719298245614,0.0175438596491228,0.0,0.0,0.0,0.0175438596491228,0.0,0.0,0.0,0.0,0.0,0.0,0.0,0.0,0.0701754385964912,0.0614035087719298,0.087719298245614,0.0789473684210526,0.043859649122807,0.0701754385964912,0.2543859649122807,0.2543859649122807,0.2543859649122807,0.0087719298245614,0.0087719298245614,0.0087719298245614,0.0175438596491228,0.0175438596491228,0.0175438596491228,0.3070175438596491,0.3333333333333333,0.5,0.0,0.0,0.0964912280701754,0.0701754385964912,0.043859649122807,0.2017543859649122,0.0701754385964912,0.0614035087719298,0.2456140350877192,0.0964912280701754,0.0964912280701754,0.2456140350877192,0.1578947368421052,0.1929824561403508,0.2017543859649122,0.2456140350877192,0.1666666666666666,0.1403508771929824,0.3070175438596491,0.3070175438596491,0.3070175438596491,0.3333333333333333,0.3333333333333333,0.3333333333333333,0.5,0.5,0.5,0.0,0.0
2,Archery,0.5241379310344828,0.4896551724137931,0.5310344827586206,0.0551724137931034,0.0344827586206896,0.0,0.2482758620689655,0.2344827586206896,0.2275862068965517,0.3034482758620689,0.296551724137931,0.2620689655172414,0.3310344827586207,0.2896551724137931,0.2689655172413793,0.496551724137931,0.5310344827586206,0.5448275862068965,0.496551724137931,0.5172413793103449,0.4896551724137931,0.5241379310344828,0.5241379310344828,0.5241379310344828,0.4896551724137931,0.4896551724137931,0.4896551724137931,0.5310344827586206,0.5310344827586206,0.5310344827586206,0.5172413793103449,0.496551724137931,0.5241379310344828,0.0482758620689655,0.0482758620689655,0.0482758620689655,0.2758620689655172,0.2758620689655172,0.2344827586206896,0.2620689655172414,0.2689655172413793,0.2551724137931034,0.2827586206896552,0.2896551724137931,0.2758620689655172,0.3655172413793103,0.3517241379310344,0.4275862068965517,0.4275862068965517,0.4551724137931034,0.4275862068965517,0.5172413793103449,0.5172413793103449,0.5172413793103449,0.496551724137931,0.496551724137931,0.496551724137931,0.5241379310344828,0.5241379310344828,0.5241379310344828,0.0,0.0
3,BabyCrawling,0.0454545454545454,0.2272727272727272,0.1818181818181818,0.2954545454545454,0.4848484848484848,0.4469696969696969,0.25,0.4242424242424242,0.4090909090909091,0.3181818181818182,0.4545454545454545,0.4318181818181818,0.2878787878787879,0.4242424242424242,0.4242424242424242,0.0075757575757575,0.0606060606060606,0.053030303030303,0.053030303030303,0.053030303030303,0.053030303030303,0.2954545454545454,0.4848484848484848,0.4469696969696969,0.2954545454545454,0.4848484848484848,0.4469696969696969,0.2954545454545454,0.4848484848484848,0.4469696969696969,0.1363636363636363,0.1363636363636363,0.1893939393939394,0.1742424242424242,0.1439393939393939,0.1287878787878787,0.1893939393939394,0.1439393939393939,0.1212121212121212,0.2045454545454545,0.1666666666666666,0.1287878787878787,0.2196969696969697,0.1818181818181818,0.1590909090909091,0.0303030303030303,0.0757575757575757,0.0757575757575757,0.106060606060606,0.1212121212121212,0.1212121212121212,0.1742424242424242,0.1439393939393939,0.1363636363636363,0.1742424242424242,0.1439393939393939,0.1363636363636363,0.1893939393939394,0.1893939393939394,0.1893939393939394,0.0269230769230769,0.023076923076923078
4,BalanceBeam,0.4537037037037037,0.3796296296296296,0.324074074074074,0.0,0.0,0.0,0.3611111111111111,0.3611111111111111,0.2407407407407407,0.3148148148148148,0.287037037037037,0.2129629629629629,0.287037037037037,0.2777777777777778,0.2129629629629629,0.3518518518518518,0.4166666666666667,0.4074074074074074,0.4444444444444444,0.4629629629629629,0.4814814814814814,0.4537037037037037,0.4537037037037037,0.4537037037037037,0.3796296296296296,0.3796296296296296,0.3796296296296296,0.324074074074074,0.324074074074074,0.324074074074074,0.5370370370370371,0.4907407407407407,0.5555555555555556,0.0,0.0,0.0,0.4629629629629629,0.3611111111111111,0.3148148148148148,0.3796296296296296,0.3148148148148148,0.2592592592592592,0.4722222222222222,0.4074074074074074,0.3518518518518518,0.4166666666666667,0.2685185185185185,0.5,0.5,0.5185185185185185,0.4722222222222222,0.5370370370370371,0.5370370370370371,0.5370370370370371,0.4907407407407407,0.4907407407407407,0.4907407407407407,0.5555555555555556,0.5555555555555556,0.5555555555555556,0.0,0.0
5,BandMarching,0.535483870967742,0.6387096774193548,0.4129032258064516,0.0,0.0,0.0451612903225806,0.1870967741935484,0.1806451612903225,0.2064516129032258,0.4129032258064516,0.3741935483870968,0.3870967741935484,0.3419354838709677,0.3096774193548387,0.3096774193548387,0.0,0.0,0.0,0.0,0.0193548387096774,0.0,0.535483870967742,0.535483870967742,0.535483870967742,0.6387096774193548,0.6387096774193548,0.6387096774193548,0.4129032258064516,0.4129032258064516,0.4129032258064516,0.4838709677419355,0.0903225806451612,0.2193548387096774,0.0,0.0064516129032258,0.0064516129032258,0.2580645161290322,0.2,0.1354838709677419,0.0774193548387096,0.0774193548387096,0.064516129032258,0.1612903225806451,0.1612903225806451,0.1290322580645161,0.7483870967741936,0.7161290322580646,0.6838709677419355,0.6838709677419355,0.6709677419354839,0.6193548387096774,0.4838709677419355,0.4838709677419355,0.4838709677419355,0.0903225806451612,0.0903225806451612,0.0903225806451612,0.2193548387096774,0.2193548387096774,0.2193548387096774,0.1807692307692307,0.17692307692307693
6,BaseballPitch,0.6933333333333334,0.86,0.88,0.94,0.9333333333333332,0.9266666666666666,0.92,0.9133333333333332,0.9133333333333332,0.9133333333333332,0.9133333333333332,0.9133333333333332,0.9133333333333332,0.9133333333333332,0.9133333333333332,0.8933333333333333,0.8733333333333333,0.9066666666666666,0.9066666666666666,0.9066666666666666,0.9133333333333332,0.94,0.9333333333333332,0.9266666666666666,0.94,0.9333333333333332,0.9266666666666666,0.94,0.9333333333333332,0.9266666666666666,0.6933333333333334,0.8466666666666667,0.8866666666666667,0.9333333333333332,0.9333333333333332,0.9266666666666666,0.9133333333333332,0.9133333333333332,0.9133333333333332,0.9133333333333332,0.9133333333333332,0.9133333333333332,0.9133333333333332,0.9133333333333332,0.9133333333333332,0.9133333333333332,0.9066666666666666,0.9,0.9133333333333332,0.9,0.9133333333333332,0.9333333333333332,0.9333333333333332,0.9266666666666666,0.9333333333333332,0.9333333333333332,0.9266666666666666,0.9333333333333332,0.9333333333333332,0.9266666666666666,0.0038461538461538,0.0
7,Basketball,0.3955223880597014,0.3358208955223881,0.2985074626865671,0.6791044776119403,0.6268656716417911,0.6268656716417911,0.7164179104477612,0.7313432835820896,0.6865671641791045,0.6865671641791045,0.6865671641791045,0.6417910447761194,0.6940298507462687,0.6940298507462687,0.6194029850746269,0.3134328358208955,0.0746268656716417,0.4029850746268656,0.3582089552238806,0.3880597014925373,0.373134328358209,0.6791044776119403,0.6268656716417911,0.6268656716417911,0.6791044776119403,0.6268656716417911,0.6268656716417911,0.6791044776119403,0.6268656716417911,0.6268656716417911,0.6044776119402985,0.4253731343283582,0.4029850746268656,0.5895522388059702,0.5373134328358209,0.4925373134328358,0.753731343283582,0.7089552238805971,0.7014925373134329,0.6567164179104478,0.6343283582089553,0.5447761194029851,0.6940298507462687,0.6567164179104478,0.6044776119402985,0.208955223880597,0.1417910447761194,0.1567164179104477,0.0746268656716417,0.373134328358209,0.3880597014925373,0.6044776119402985,0.6044776119402985,0.6044776119402985,0.5895522388059702,0.5373134328358209,0.4925373134328358,0.5895522388059702,0.5373134328358209,0.4925373134328358,0.0423076923076923,0.04230769230769231
8,BasketballDunk,0.2290076335877862,0.0916030534351145,0.015267175572519,0.2442748091603053,0.2137404580152671,0.0458015267175572,0.2213740458015267,0.2137404580152671,0.0687022900763358,0.1450381679389313,0.1297709923664122,0.1068702290076335,0.1374045801526717,0.0839694656488549,0.0916030534351145,0.0381679389312977,0.099236641221374,0.2671755725190839,0.2290076335877862,0.2366412213740458,0.2748091603053435,0.2442748091603053,0.2290076335877862,0.2290076335877862,0.2442748091603053,0.2137404580152671,0.0916030534351145,0.2442748091603053,0.2137404580152671,0.0458015267175572,0.0,0.0,0.0,0.0,0.0,0.0,0.0,0.0,0.0,0.0,0.0,0.0,0.0,0.0,0.0,0.0610687022900763,0.0610687022900763,0.015267175572519,0.2366412213740458,0.0381679389312977,0.0763358778625954,0.0,0.0,0.0,0.0,0.0,0.0,0.0,0.0,0.0,0.0384615384615384,0.04230769230769231
9,BenchPress,0.04375,0.075,0.20625,0.0,0.0,0.0,0.0,0.00625,0.00625,0.0,0.00625,0.00625,0.0125,0.01875,0.01875,0.0,0.0,0.0,0.0,0.0,0.00625,0.04375,0.04375,0.04375,0.075,0.075,0.075,0.20625,0.20625,0.20625,0.025,0.0,0.0125,0.0,0.0,0.0,0.0,0.0,0.0,0.0,0.0,0.0,0.0,0.0,0.0,0.0,0.0,0.0375,0.0,0.0375,0.03125,0.025,0.025,0.025,0.0,0.0,0.0,0.0125,0.0125,0.0125,0.0,0.0
10,Biking,0.7611940298507462,0.8208955223880597,0.8582089552238806,0.044776119402985,0.0373134328358208,0.0895522388059701,0.582089552238806,0.5522388059701493,0.5298507462686567,0.6791044776119403,0.6940298507462687,0.6716417910447762,0.8059701492537313,0.7761194029850746,0.746268656716418,0.835820895522388,0.8432835820895522,0.8582089552238806,0.835820895522388,0.8432835820895522,0.835820895522388,0.7611940298507462,0.7611940298507462,0.7611940298507462,0.8208955223880597,0.8208955223880597,0.8208955223880597,0.8582089552238806,0.8582089552238806,0.8582089552238806,0.8507462686567164,0.8582089552238806,0.9029850746268656,0.1343283582089552,0.1865671641791045,0.1641791044776119,0.7910447761194029,0.7835820895522388,0.7611940298507462,0.835820895522388,0.8283582089552238,0.8208955223880597,0.8656716417910447,0.8656716417910447,0.835820895522388,0.6716417910447762,0.7014925373134329,0.6940298507462687,0.7014925373134329,0.7238805970149254,0.7313432835820896,0.8507462686567164,0.8507462686567164,0.8507462686567164,0.8582089552238806,0.8582089552238806,0.8582089552238806,0.9029850746268656,0.9029850746268656,0.9029850746268656,0.1576923076923077,0.2846153846153846
11,Billiards,0.3266666666666666,0.42,0.32,0.8266666666666667,1.0,0.9933333333333332,0.3933333333333333,1.0,1.0,0.5133333333333333,1.0,1.0,0.4266666666666667,1.0,1.0,1.0,1.0,1.0,1.0,1.0,1.0,0.8266666666666667,1.0,0.9933333333333332,0.8266666666666667,1.0,0.9933333333333332,0.8266666666666667,1.0,0.9933333333333332,1.0,1.0,1.0,0.0,0.0,0.0,1.0,1.0,1.0,1.0,1.0,0.9933333333333332,1.0,1.0,0.9933333333333332,0.9733333333333334,1.0,0.9733333333333334,1.0,1.0,1.0,1.0,1.0,1.0,1.0,1.0,1.0,1.0,1.0,1.0,0.2461538461538461,0.23461538461538461
12,BlowDryHair,0.0,0.0,0.0229007633587786,0.0,0.0,0.0,0.0,0.0,0.0,0.0,0.0,0.0,0.0,0.0,0.0,0.0,0.0,0.0,0.0,0.0,0.0,0.0,0.0,0.0,0.0,0.0,0.0,0.0229007633587786,0.0229007633587786,0.0229007633587786,0.015267175572519,0.0839694656488549,0.0534351145038167,0.0,0.0076335877862595,0.0,0.0,0.015267175572519,0.015267175572519,0.0,0.015267175572519,0.0076335877862595,0.0,0.015267175572519,0.0076335877862595,0.0763358778625954,0.0916030534351145,0.0229007633587786,0.0,0.0076335877862595,0.015267175572519,0.015267175572519,0.015267175572519,0.015267175572519,0.0839694656488549,0.0839694656488549,0.0839694656488549,0.0534351145038167,0.0534351145038167,0.0534351145038167,0.1384615384615384,0.1423076923076923
13,BlowingCandles,0.5045871559633027,0.4587155963302752,0.4770642201834862,0.0091743119266055,0.0,0.0,0.073394495412844,0.0642201834862385,0.073394495412844,0.2385321100917431,0.2293577981651376,0.1926605504587156,0.2568807339449541,0.2385321100917431,0.2201834862385321,0.6788990825688074,0.7064220183486238,0.7064220183486238,0.7431192660550459,0.6972477064220184,0.7064220183486238,0.5045871559633027,0.5045871559633027,0.5045871559633027,0.4587155963302752,0.4587155963302752,0.4587155963302752,0.4770642201834862,0.4770642201834862,0.4770642201834862,0.5596330275229358,0.5504587155963303,0.4862385321100917,0.0,0.018348623853211,0.018348623853211,0.091743119266055,0.091743119266055,0.1009174311926605,0.2568807339449541,0.2660550458715596,0.2752293577981651,0.2752293577981651,0.2752293577981651,0.2935779816513761,0.7522935779816514,0.6788990825688074,0.7064220183486238,0.7155963302752294,0.6972477064220184,0.6880733944954128,0.5596330275229358,0.5596330275229358,0.5596330275229358,0.5504587155963303,0.5504587155963303,0.5504587155963303,0.4862385321100917,0.4862385321100917,0.4862385321100917,0.023076923076923,0.06923076923076923
14,BodyWeightSquats,0.2589285714285714,0.3392857142857143,0.3928571428571428,0.0089285714285714,0.0089285714285714,0.0,0.0089285714285714,0.0089285714285714,0.0,0.0178571428571428,0.0178571428571428,0.0,0.0089285714285714,0.0089285714285714,0.0,0.3660714285714285,0.3125,0.3035714285714285,0.3392857142857143,0.375,0.3482142857142857,0.2589285714285714,0.2589285714285714,0.2589285714285714,0.3392857142857143,0.3392857142857143,0.3392857142857143,0.3928571428571428,0.3928571428571428,0.3928571428571428,0.25,0.25,0.2321428571428571,0.0178571428571428,0.0178571428571428,0.0178571428571428,0.0178571428571428,0.0178571428571428,0.0178571428571428,0.0267857142857142,0.0178571428571428,0.0178571428571428,0.0267857142857142,0.0178571428571428,0.0178571428571428,0.125,0.0267857142857142,0.0,0.0,0.2678571428571428,0.2678571428571428,0.25,0.25,0.25,0.25,0.25,0.25,0.2321428571428571,0.2321428571428571,0.2321428571428571,0.0153846153846153,0.1576923076923077
15,Bowling,0.9870967741935484,0.9806451612903224,0.9870967741935484,1.0,0.9935483870967742,0.9935483870967742,1.0,1.0,1.0,1.0,1.0,0.9935483870967742,1.0,0.9935483870967742,0.9935483870967742,1.0,1.0,1.0,1.0,1.0,1.0,1.0,0.9935483870967742,0.9935483870967742,1.0,0.9935483870967742,0.9935483870967742,1.0,0.9935483870967742,0.9935483870967742,0.9870967741935484,0.9741935483870968,0.9806451612903224,1.0,1.0,1.0,1.0,1.0,1.0,1.0,1.0,1.0,1.0,1.0,1.0,1.0,1.0,1.0,1.0,1.0,1.0,1.0,1.0,1.0,1.0,1.0,1.0,1.0,1.0,1.0,0.2153846153846154,0.12692307692307692
16,BoxingPunchingBag,0.0920245398773006,0.263803680981595,0.2208588957055214,0.4417177914110429,0.4049079754601227,0.3558282208588957,0.3558282208588957,0.3190184049079754,0.2760736196319018,0.4417177914110429,0.4110429447852761,0.4049079754601227,0.3374233128834356,0.3006134969325153,0.3128834355828221,0.2085889570552147,0.2024539877300613,0.1840490797546012,0.1779141104294478,0.1595092024539877,0.1411042944785276,0.4417177914110429,0.4049079754601227,0.3558282208588957,0.4417177914110429,0.4049079754601227,0.3558282208588957,0.4417177914110429,0.4049079754601227,0.3558282208588957,0.6993865030674846,0.6932515337423313,0.6687116564417178,0.1901840490797546,0.1656441717791411,0.0981595092024539,0.6625766871165644,0.6073619631901841,0.5705521472392638,0.6687116564417178,0.6073619631901841,0.5828220858895705,0.6441717791411042,0.6073619631901841,0.5766871165644172,0.656441717791411,0.4539877300613497,0.4907975460122699,0.4539877300613497,0.3312883435582822,0.3680981595092024,0.6993865030674846,0.6993865030674846,0.6993865030674846,0.6932515337423313,0.6932515337423313,0.6932515337423313,0.6687116564417178,0.6687116564417178,0.6687116564417178,0.0,0.007692307692307693
17,BoxingSpeedBag,0.0895522388059701,0.0149253731343283,0.0298507462686567,0.0074626865671641,0.0074626865671641,0.0,0.0,0.0,0.0,0.0,0.0,0.0,0.0,0.0,0.0,0.0820895522388059,0.0820895522388059,0.1044776119402985,0.0671641791044776,0.0522388059701492,0.0671641791044776,0.0895522388059701,0.0895522388059701,0.0895522388059701,0.0149253731343283,0.0149253731343283,0.0149253731343283,0.0298507462686567,0.0298507462686567,0.0298507462686567,0.0,0.0,0.0,0.0,0.0,0.0,0.0,0.0,0.0,0.0,0.0,0.0,0.0,0.0,0.0,0.0522388059701492,0.0,0.0223880597014925,0.0298507462686567,0.0149253731343283,0.0298507462686567,0.0,0.0,0.0,0.0,0.0,0.0,0.0,0.0,0.0,0.0,0.007692307692307693
18,BreastStroke,0.0,0.0,0.0,0.0,0.0,0.0,0.0,0.0,0.0,0.0,0.0,0.0,0.0,0.0,0.0,0.0,0.0,0.0,0.0,0.0,0.0,0.0,0.0,0.0,0.0,0.0,0.0,0.0,0.0,0.0,0.1881188118811881,0.0,0.0,0.0,0.0,0.0,0.0,0.0,0.0,0.0,0.0,0.0,0.0,0.0,0.0,0.0,0.0,0.0,0.0,0.0,0.0,0.1881188118811881,0.1881188118811881,0.1881188118811881,0.0,0.0,0.0,0.0,0.0,0.0,0.0,0.011538461538461539
19,BrushingTeeth,0.4274809160305343,0.2595419847328244,0.2900763358778626,0.1068702290076335,0.0,0.0,0.1068702290076335,0.0,0.0,0.1068702290076335,0.0,0.0,0.1068702290076335,0.0,0.0,0.3206106870229007,0.0458015267175572,0.3893129770992366,0.1526717557251908,0.3740458015267175,0.2900763358778626,0.4274809160305343,0.4274809160305343,0.4274809160305343,0.2595419847328244,0.2595419847328244,0.2595419847328244,0.2900763358778626,0.2900763358778626,0.2900763358778626,0.4809160305343511,0.3053435114503817,0.2519083969465648,0.1145038167938931,0.0458015267175572,0.0458015267175572,0.2061068702290076,0.1068702290076335,0.0839694656488549,0.1908396946564885,0.1068702290076335,0.0763358778625954,0.183206106870229,0.0916030534351145,0.0763358778625954,0.4961832061068702,0.5038167938931297,0.4809160305343511,0.4961832061068702,0.4580152671755725,0.4427480916030534,0.4809160305343511,0.4809160305343511,0.4809160305343511,0.3053435114503817,0.3053435114503817,0.3053435114503817,0.2519083969465648,0.2519083969465648,0.2519083969465648,0.0,0.0
20,CleanAndJerk,0.0,0.0,0.0,0.0,0.0,0.0,0.0,0.0,0.0,0.0,0.0,0.0,0.0,0.0,0.0,0.0,0.0,0.0,0.0,0.0,0.0,0.0,0.0,0.0,0.0,0.0,0.0,0.0,0.0,0.0,0.0,0.0,0.0,0.0,0.0,0.0,0.0,0.0,0.0,0.0,0.0,0.0,0.0,0.0,0.0,0.0,0.0,0.0,0.0,0.0,0.0,0.0,0.0,0.0,0.0,0.0,0.0,0.0,0.0,0.0,0.0,0.0
21,CliffDiving,0.1376811594202898,0.3405797101449275,0.2898550724637681,0.2608695652173913,0.2608695652173913,0.3550724637681159,0.3115942028985507,0.3043478260869565,0.3623188405797101,0.3768115942028985,0.3550724637681159,0.4130434782608695,0.391304347826087,0.3260869565217391,0.4130434782608695,0.2463768115942029,0.2391304347826087,0.2608695652173913,0.2318840579710145,0.2608695652173913,0.2101449275362318,0.2608695652173913,0.2608695652173913,0.3550724637681159,0.3405797101449275,0.3405797101449275,0.3550724637681159,0.2898550724637681,0.2898550724637681,0.3550724637681159,0.0507246376811594,0.3333333333333333,0.181159420289855,0.2101449275362318,0.2536231884057971,0.3115942028985507,0.181159420289855,0.2391304347826087,0.2898550724637681,0.2898550724637681,0.3405797101449275,0.3478260869565217,0.2246376811594203,0.2753623188405797,0.3188405797101449,0.2391304347826087,0.2318840579710145,0.2246376811594203,0.2753623188405797,0.2246376811594203,0.2608695652173913,0.2101449275362318,0.2536231884057971,0.3115942028985507,0.3333333333333333,0.3333333333333333,0.3333333333333333,0.2101449275362318,0.2536231884057971,0.3115942028985507,0.0,0.0
22,CricketBowling,0.5251798561151079,0.4172661870503597,0.4676258992805755,0.0,0.0,0.0,0.0647482014388489,0.1798561151079136,0.2446043165467626,0.014388489208633,0.0863309352517985,0.0935251798561151,0.014388489208633,0.0863309352517985,0.0935251798561151,0.5683453237410072,0.5827338129496403,0.5539568345323741,0.539568345323741,0.4820143884892086,0.3525179856115107,0.5251798561151079,0.5251798561151079,0.5251798561151079,0.4172661870503597,0.4172661870503597,0.4172661870503597,0.4676258992805755,0.4676258992805755,0.4676258992805755,0.0,0.0503597122302158,0.0,0.0,0.0,0.0,0.0,0.014388489208633,0.0,0.0,0.0,0.0,0.0,0.0,0.0,0.0,0.0,0.0,0.0,0.0,0.0071942446043165,0.0,0.0,0.0,0.0503597122302158,0.0503597122302158,0.0503597122302158,0.0,0.0,0.0,0.2115384615384615,0.023076923076923078
23,CricketShot,0.0,0.0,0.0,0.0,0.0,0.0,0.0,0.0,0.0,0.0,0.0,0.0,0.0,0.0,0.0,0.0,0.0,0.0,0.0059880239520958,0.0,0.0,0.0,0.0,0.0,0.0,0.0,0.0,0.0,0.0,0.0,0.3952095808383233,0.281437125748503,0.3353293413173652,0.0,0.0,0.0,0.0239520958083832,0.059880239520958,0.0538922155688622,0.0119760479041916,0.029940119760479,0.029940119760479,0.0119760479041916,0.0119760479041916,0.0239520958083832,0.0059880239520958,0.2215568862275449,0.3053892215568862,0.2215568862275449,0.2994011976047904,0.18562874251497,0.3952095808383233,0.3952095808383233,0.3952095808383233,0.281437125748503,0.281437125748503,0.281437125748503,0.3353293413173652,0.3353293413173652,0.3353293413173652,0.0,0.0
24,CuttingInKitchen,0.009090909090909,0.0272727272727272,0.0272727272727272,0.2909090909090909,0.1818181818181818,0.209090909090909,0.2818181818181818,0.1909090909090909,0.209090909090909,0.2909090909090909,0.2,0.209090909090909,0.2818181818181818,0.1909090909090909,0.2,0.109090909090909,0.1454545454545454,0.1363636363636363,0.1545454545454545,0.0909090909090909,0.1454545454545454,0.2909090909090909,0.1818181818181818,0.209090909090909,0.2909090909090909,0.1818181818181818,0.209090909090909,0.2909090909090909,0.1818181818181818,0.209090909090909,0.0727272727272727,0.1363636363636363,0.2545454545454545,0.3545454545454545,0.3363636363636363,0.2454545454545454,0.3818181818181818,0.3545454545454545,0.2454545454545454,0.4363636363636363,0.4181818181818181,0.2727272727272727,0.4636363636363636,0.4363636363636363,0.2818181818181818,0.3090909090909091,0.3090909090909091,0.2818181818181818,0.3181818181818182,0.2727272727272727,0.3,0.3545454545454545,0.3363636363636363,0.2454545454545454,0.3545454545454545,0.3363636363636363,0.2454545454545454,0.3545454545454545,0.3363636363636363,0.2545454545454545,0.0615384615384615,0.007692307692307693
25,Diving,0.5666666666666667,0.5066666666666667,0.36,0.0,0.0,0.0133333333333333,0.08,0.52,0.36,0.0933333333333333,0.3933333333333333,0.1866666666666666,0.08,0.2266666666666666,0.08,0.4733333333333333,0.4266666666666667,0.4,0.4066666666666667,0.3666666666666666,0.3533333333333333,0.5666666666666667,0.5666666666666667,0.5666666666666667,0.5066666666666667,0.5066666666666667,0.5066666666666667,0.36,0.36,0.36,0.6133333333333333,0.4666666666666667,0.56,0.0,0.0,0.0,0.0133333333333333,0.0733333333333333,0.0533333333333333,0.0,0.0466666666666666,0.0133333333333333,0.0,0.08,0.0466666666666666,0.5533333333333333,0.4533333333333333,0.4466666666666666,0.44,0.44,0.44,0.6133333333333333,0.6133333333333333,0.6133333333333333,0.4666666666666667,0.4666666666666667,0.4666666666666667,0.56,0.56,0.56,0.0,0.0
26,Drumming,0.8198757763975155,0.6770186335403726,0.7329192546583851,0.0,0.0,0.0,0.4161490683229814,0.639751552795031,0.5527950310559007,0.3354037267080745,0.484472049689441,0.3850931677018633,0.3354037267080745,0.4968944099378882,0.4099378881987577,0.8136645962732919,0.8198757763975155,0.782608695652174,0.7701863354037267,0.782608695652174,0.7515527950310559,0.8198757763975155,0.8198757763975155,0.8198757763975155,0.6770186335403726,0.6770186335403726,0.6770186335403726,0.7329192546583851,0.7329192546583851,0.7329192546583851,0.8322981366459627,0.782608695652174,0.7639751552795031,0.6024844720496895,0.4285714285714285,0.3850931677018633,0.7701863354037267,0.7267080745341615,0.7701863354037267,0.7701863354037267,0.6894409937888198,0.7950310559006211,0.7639751552795031,0.6956521739130435,0.782608695652174,0.8881987577639752,0.8881987577639752,0.8571428571428571,0.8571428571428571,0.8571428571428571,0.8385093167701864,0.8322981366459627,0.8322981366459627,0.8322981366459627,0.782608695652174,0.782608695652174,0.782608695652174,0.7639751552795031,0.7639751552795031,0.7639751552795031,0.0,0.0
27,Fencing,0.6306306306306306,0.6306306306306306,0.6306306306306306,0.0,0.0,0.0,0.2162162162162162,0.2702702702702703,0.3153153153153153,0.2162162162162162,0.2162162162162162,0.3063063063063063,0.1981981981981982,0.2072072072072072,0.2972972972972973,0.5495495495495496,0.5675675675675675,0.5495495495495496,0.5495495495495496,0.5135135135135135,0.4954954954954955,0.6306306306306306,0.6306306306306306,0.6306306306306306,0.6306306306306306,0.6306306306306306,0.6306306306306306,0.6306306306306306,0.6306306306306306,0.6306306306306306,0.5405405405405406,0.5225225225225225,0.3423423423423423,0.0,0.0,0.009009009009009,0.3243243243243243,0.2702702702702703,0.2792792792792792,0.3333333333333333,0.2702702702702703,0.2972972972972973,0.2522522522522522,0.2162162162162162,0.2612612612612612,0.6036036036036037,0.5855855855855856,0.6306306306306306,0.6126126126126126,0.6216216216216216,0.6036036036036037,0.5405405405405406,0.5405405405405406,0.5405405405405406,0.5225225225225225,0.5225225225225225,0.5225225225225225,0.3423423423423423,0.3423423423423423,0.3423423423423423,0.4423076923076923,0.2923076923076923
28,FieldHockeyPenalty,0.4126984126984127,0.0952380952380952,0.1111111111111111,0.6111111111111112,0.5238095238095238,0.6428571428571429,0.6587301587301587,0.5555555555555556,0.746031746031746,0.3809523809523809,0.2301587301587301,0.238095238095238,0.3888888888888889,0.2936507936507936,0.3333333333333333,0.5,0.5079365079365079,0.3174603174603174,0.2539682539682539,0.2539682539682539,0.246031746031746,0.6111111111111112,0.5238095238095238,0.6428571428571429,0.6111111111111112,0.5238095238095238,0.6428571428571429,0.6111111111111112,0.5238095238095238,0.6428571428571429,0.1904761904761904,0.5,0.4365079365079365,0.0,0.0,0.0079365079365079,0.0634920634920634,0.0476190476190476,0.1349206349206349,0.0793650793650793,0.0555555555555555,0.1746031746031746,0.0714285714285714,0.0634920634920634,0.1587301587301587,0.2539682539682539,0.3253968253968254,0.3015873015873015,0.2539682539682539,0.246031746031746,0.2142857142857142,0.1904761904761904,0.1904761904761904,0.1904761904761904,0.5,0.5,0.5,0.4365079365079365,0.4365079365079365,0.4365079365079365,0.1961538461538461,0.18846153846153846
29,FloorGymnastics,0.208,0.224,0.296,0.024,0.008,0.152,0.056,0.048,0.232,0.04,0.024,0.224,0.096,0.088,0.28,0.08,0.08,0.272,0.176,0.256,0.208,0.208,0.208,0.208,0.224,0.224,0.224,0.296,0.296,0.296,0.168,0.136,0.264,0.096,0.184,0.152,0.248,0.288,0.256,0.256,0.248,0.232,0.296,0.352,0.304,0.2,0.264,0.224,0.296,0.24,0.256,0.168,0.184,0.168,0.136,0.184,0.152,0.264,0.264,0.264,0.0115384615384615,0.015384615384615385
30,FrisbeeCatch,0.0,0.0,0.0,0.0,0.0,0.0,0.0,0.0,0.0,0.0,0.0,0.0,0.0,0.0,0.0,0.0,0.0,0.0,0.0,0.0,0.0,0.0,0.0,0.0,0.0,0.0,0.0,0.0,0.0,0.0,0.0,0.0,0.0,0.0,0.0,0.0,0.0,0.0,0.0,0.0,0.0,0.0,0.0,0.0,0.0,0.0,0.0,0.0,0.0,0.0,0.0,0.0,0.0,0.0,0.0,0.0,0.0,0.0,0.0,0.0,0.2923076923076923,0.2692307692307692
31,FrontCrawl,0.0,0.0,0.0,0.0,0.0,0.0,0.0,0.0,0.0,0.0,0.0,0.0,0.0,0.0,0.0,0.0,0.0,0.0,0.0,0.0,0.0,0.0,0.0,0.0,0.0,0.0,0.0,0.0,0.0,0.0,0.0,0.0,0.0,0.0,0.0,0.0,0.0,0.0,0.0,0.0,0.0,0.0,0.0,0.0,0.0,0.0,0.0,0.0,0.0,0.0,0.0,0.0,0.0,0.0,0.0,0.0,0.0,0.0,0.0,0.0,0.6,0.7038461538461539
32,GolfSwing,0.9136690647482014,0.8201438848920863,0.7338129496402878,0.9136690647482014,0.8848920863309353,0.8705035971223022,0.9136690647482014,0.9136690647482014,0.8992805755395683,0.9136690647482014,0.9064748201438848,0.8920863309352518,0.9136690647482014,0.9136690647482014,0.8920863309352518,0.9136690647482014,0.935251798561151,0.9280575539568344,0.9424460431654677,0.9496402877697842,0.9568345323741008,0.9136690647482014,0.9136690647482014,0.9136690647482014,0.9136690647482014,0.8848920863309353,0.8705035971223022,0.9136690647482014,0.8848920863309353,0.8705035971223022,0.920863309352518,0.8848920863309353,0.8776978417266187,0.8992805755395683,0.8848920863309353,0.8705035971223022,0.9136690647482014,0.9064748201438848,0.9064748201438848,0.9136690647482014,0.9136690647482014,0.9136690647482014,0.920863309352518,0.920863309352518,0.9136690647482014,0.9280575539568344,0.9136690647482014,0.9064748201438848,0.9136690647482014,0.9136690647482014,0.9496402877697842,0.920863309352518,0.920863309352518,0.920863309352518,0.8992805755395683,0.8848920863309353,0.8848920863309353,0.8992805755395683,0.8848920863309353,0.8776978417266187,0.0884615384615384,0.06538461538461539
33,Haircut,0.4307692307692308,0.4307692307692308,0.3923076923076923,0.9153846153846154,0.9,0.8923076923076924,0.9076923076923076,0.8923076923076924,0.8923076923076924,0.8923076923076924,0.8692307692307693,0.8692307692307693,0.8692307692307693,0.823076923076923,0.8384615384615385,0.8615384615384616,0.8384615384615385,0.7538461538461538,0.823076923076923,0.7230769230769231,0.6923076923076923,0.9153846153846154,0.9,0.8923076923076924,0.9153846153846154,0.9,0.8923076923076924,0.9153846153846154,0.9,0.8923076923076924,0.5538461538461539,0.3461538461538461,0.3230769230769231,0.7615384615384615,0.7153846153846154,0.7923076923076923,0.8307692307692308,0.8,0.8384615384615385,0.8384615384615385,0.7692307692307693,0.8384615384615385,0.7769230769230769,0.7384615384615385,0.7923076923076923,0.2923076923076923,0.4846153846153846,0.3615384615384615,0.7,0.6461538461538462,0.6307692307692307,0.7615384615384615,0.7153846153846154,0.7923076923076923,0.7615384615384615,0.7153846153846154,0.7923076923076923,0.7615384615384615,0.7153846153846154,0.7923076923076923,0.0,0.0
34,HammerThrow,0.0,0.0,0.0,0.0,0.0,0.0,0.0,0.0,0.0,0.0,0.0,0.0,0.0,0.0,0.0,0.0,0.0,0.0,0.0,0.0,0.0,0.0,0.0,0.0,0.0,0.0,0.0,0.0,0.0,0.0,0.0,0.0,0.0,0.0,0.0,0.0,0.0,0.0,0.0,0.0,0.0,0.0,0.0,0.0,0.0,0.0,0.0,0.0,0.0,0.0,0.0,0.0,0.0,0.0,0.0,0.0,0.0,0.0,0.0,0.0,0.0115384615384615,0.0
35,Hammering,0.0214285714285714,0.0428571428571428,0.0357142857142857,0.0071428571428571,0.0,0.0,0.0285714285714285,0.0,0.0,0.05,0.0214285714285714,0.0071428571428571,0.05,0.0285714285714285,0.0214285714285714,0.0285714285714285,0.0571428571428571,0.0,0.1,0.0428571428571428,0.0642857142857142,0.0214285714285714,0.0214285714285714,0.0214285714285714,0.0428571428571428,0.0428571428571428,0.0428571428571428,0.0357142857142857,0.0357142857142857,0.0357142857142857,0.0,0.2,0.2357142857142857,0.0285714285714285,0.1714285714285714,0.1428571428571428,0.0642857142857142,0.1714285714285714,0.1428571428571428,0.1142857142857142,0.25,0.1714285714285714,0.1214285714285714,0.2428571428571428,0.1714285714285714,0.0357142857142857,0.0928571428571428,0.0428571428571428,0.0428571428571428,0.0214285714285714,0.0285714285714285,0.0285714285714285,0.1714285714285714,0.1428571428571428,0.2,0.2,0.2,0.2357142857142857,0.2357142857142857,0.2357142857142857,0.0,0.0
36,HandstandPushups,0.15625,0.171875,0.15625,0.0,0.0,0.0,0.0078125,0.0078125,0.0078125,0.0859375,0.0546875,0.046875,0.0859375,0.046875,0.046875,0.03125,0.1484375,0.1171875,0.125,0.1015625,0.1796875,0.15625,0.15625,0.15625,0.171875,0.171875,0.171875,0.15625,0.15625,0.15625,0.0,0.0,0.0,0.0,0.0,0.0,0.0,0.0,0.0,0.0,0.0,0.0,0.0,0.0,0.0,0.0,0.0,0.0,0.0,0.0,0.0,0.0,0.0,0.0,0.0,0.0,0.0,0.0,0.0,0.0,0.0038461538461538,0.011538461538461539
37,HandstandWalking,0.027027027027027,0.0,0.009009009009009,0.1081081081081081,0.054054054054054,0.063063063063063,0.1081081081081081,0.054054054054054,0.063063063063063,0.081081081081081,0.027027027027027,0.036036036036036,0.081081081081081,0.027027027027027,0.036036036036036,0.09009009009009,0.054054054054054,0.036036036036036,0.045045045045045,0.036036036036036,0.036036036036036,0.1081081081081081,0.054054054054054,0.063063063063063,0.1081081081081081,0.054054054054054,0.063063063063063,0.1081081081081081,0.054054054054054,0.063063063063063,0.0,0.0,0.0,0.0,0.0,0.0,0.0,0.0,0.0,0.009009009009009,0.0,0.0,0.009009009009009,0.0,0.0,0.0,0.0,0.0,0.0,0.0,0.0,0.0,0.0,0.0,0.0,0.0,0.0,0.0,0.0,0.0,0.0076923076923076,0.038461538461538464
38,HeadMassage,0.0544217687074829,0.0204081632653061,0.0612244897959183,0.0,0.0068027210884353,0.0,0.0068027210884353,0.0136054421768707,0.0,0.0,0.0136054421768707,0.0,0.0,0.0136054421768707,0.0,0.0068027210884353,0.0,0.0,0.0,0.0136054421768707,0.0,0.0544217687074829,0.0544217687074829,0.0544217687074829,0.0204081632653061,0.0204081632653061,0.0204081632653061,0.0612244897959183,0.0612244897959183,0.0612244897959183,0.0544217687074829,0.0816326530612244,0.1020408163265306,0.0340136054421768,0.0952380952380952,0.3537414965986394,0.0204081632653061,0.0544217687074829,0.2040816326530612,0.0476190476190476,0.0680272108843537,0.238095238095238,0.0476190476190476,0.0748299319727891,0.2585034013605442,0.6394557823129252,0.4353741496598639,0.4693877551020408,0.1632653061224489,0.2448979591836734,0.1700680272108843,0.0544217687074829,0.0952380952380952,0.3537414965986394,0.0816326530612244,0.0952380952380952,0.3537414965986394,0.1020408163265306,0.1020408163265306,0.3537414965986394,0.0692307692307692,0.015384615384615385
39,HighJump,0.6178861788617886,0.4634146341463415,0.3821138211382114,0.0,0.0,0.0,0.0975609756097561,0.089430894308943,0.089430894308943,0.08130081300813,0.065040650406504,0.065040650406504,0.073170731707317,0.056910569105691,0.056910569105691,0.6341463414634146,0.6422764227642277,0.6504065040650406,0.6260162601626016,0.7073170731707317,0.7154471544715447,0.6178861788617886,0.6178861788617886,0.6178861788617886,0.4634146341463415,0.4634146341463415,0.4634146341463415,0.3821138211382114,0.3821138211382114,0.3821138211382114,0.5447154471544715,0.3658536585365853,0.3577235772357723,0.0,0.0,0.0,0.040650406504065,0.032520325203252,0.1951219512195122,0.040650406504065,0.032520325203252,0.1463414634146341,0.032520325203252,0.032520325203252,0.1300813008130081,0.6016260162601627,0.2195121951219512,0.4471544715447154,0.4552845528455284,0.6829268292682927,0.6016260162601627,0.5447154471544715,0.5447154471544715,0.5447154471544715,0.3658536585365853,0.3658536585365853,0.3658536585365853,0.3577235772357723,0.3577235772357723,0.3577235772357723,0.2115384615384615,0.3076923076923077
40,HorseRace,0.8387096774193549,0.8225806451612904,0.7580645161290323,0.9596774193548387,0.9516129032258064,0.9516129032258064,0.9596774193548387,0.9596774193548387,0.9596774193548387,0.9516129032258064,0.9516129032258064,0.9516129032258064,0.9435483870967742,0.9516129032258064,0.9435483870967742,0.8951612903225806,0.9112903225806452,0.8548387096774194,0.8548387096774194,0.8467741935483871,0.8387096774193549,0.9596774193548387,0.9516129032258064,0.9516129032258064,0.9596774193548387,0.9516129032258064,0.9516129032258064,0.9596774193548387,0.9516129032258064,0.9516129032258064,0.6854838709677419,0.7983870967741935,0.75,0.967741935483871,0.967741935483871,0.9596774193548387,0.967741935483871,0.967741935483871,0.9596774193548387,0.9516129032258064,0.9516129032258064,0.9516129032258064,0.9516129032258064,0.9516129032258064,0.9435483870967742,0.8790322580645161,0.7016129032258065,0.8870967741935484,0.8951612903225806,0.935483870967742,0.9274193548387096,0.967741935483871,0.967741935483871,0.9596774193548387,0.967741935483871,0.967741935483871,0.9596774193548387,0.967741935483871,0.967741935483871,0.9596774193548387,0.1653846153846153,0.17692307692307693
41,HorseRiding,0.9329268292682928,0.9085365853658536,0.7926829268292683,0.0609756097560975,0.0914634146341463,0.0853658536585365,0.1890243902439024,0.4329268292682927,0.5487804878048781,0.2012195121951219,0.4817073170731707,0.6097560975609756,0.2256097560975609,0.3963414634146341,0.6646341463414634,0.9573170731707316,0.7865853658536586,0.8719512195121951,0.7560975609756098,0.6890243902439024,0.6829268292682927,0.9329268292682928,0.9329268292682928,0.9329268292682928,0.9085365853658536,0.9085365853658536,0.9085365853658536,0.7926829268292683,0.7926829268292683,0.7926829268292683,0.3597560975609756,0.9878048780487804,0.9817073170731708,0.0,0.0,0.0,0.1402439024390244,0.1280487804878048,0.0426829268292682,0.6097560975609756,0.5670731707317073,0.3902439024390244,0.7439024390243902,0.725609756097561,0.5914634146341463,0.9390243902439024,0.951219512195122,0.9573170731707316,0.926829268292683,0.725609756097561,0.75,0.3597560975609756,0.3597560975609756,0.3597560975609756,0.9878048780487804,0.9878048780487804,0.9878048780487804,0.9817073170731708,0.9817073170731708,0.9817073170731708,0.0076923076923076,0.023076923076923078
42,HulaHoop,0.288,0.216,0.352,0.0,0.0,0.0,0.064,0.064,0.032,0.04,0.032,0.008,0.056,0.056,0.04,0.08,0.168,0.24,0.296,0.264,0.304,0.288,0.288,0.288,0.216,0.216,0.216,0.352,0.352,0.352,0.28,0.2,0.224,0.0,0.0,0.0,0.08,0.08,0.08,0.064,0.072,0.064,0.088,0.08,0.072,0.296,0.32,0.352,0.336,0.312,0.312,0.28,0.28,0.28,0.2,0.2,0.2,0.224,0.224,0.224,0.2038461538461538,0.19230769230769232
43,IceDancing,0.981012658227848,0.9240506329113924,0.930379746835443,1.0,1.0,1.0,1.0,1.0,1.0,1.0,1.0,1.0,1.0,1.0,1.0,1.0,1.0,1.0,1.0,1.0,0.9936708860759492,1.0,1.0,1.0,1.0,1.0,1.0,1.0,1.0,1.0,0.981012658227848,0.9240506329113924,0.9493670886075948,1.0,1.0,1.0,1.0,1.0,1.0,1.0,1.0,1.0,1.0,1.0,1.0,1.0,1.0,1.0,1.0,1.0,1.0,1.0,1.0,1.0,1.0,1.0,1.0,1.0,1.0,1.0,0.0,0.1
44,JavelinThrow,0.0427350427350427,0.0,0.0085470085470085,0.0,0.0,0.0,0.0,0.0,0.0,0.0,0.0,0.0,0.0085470085470085,0.0,0.0,0.0,0.0427350427350427,0.0512820512820512,0.2222222222222222,0.0512820512820512,0.0341880341880341,0.0427350427350427,0.0427350427350427,0.0427350427350427,0.0,0.0,0.0,0.0085470085470085,0.0085470085470085,0.0085470085470085,0.1111111111111111,0.0854700854700854,0.2051282051282051,0.0683760683760683,0.0512820512820512,0.0341880341880341,0.2051282051282051,0.188034188034188,0.1538461538461538,0.1538461538461538,0.1452991452991453,0.1538461538461538,0.2905982905982906,0.2991452991452991,0.2735042735042735,0.3333333333333333,0.2991452991452991,0.282051282051282,0.2564102564102564,0.2991452991452991,0.2905982905982906,0.1111111111111111,0.1111111111111111,0.1111111111111111,0.0854700854700854,0.0854700854700854,0.0854700854700854,0.2051282051282051,0.2051282051282051,0.2051282051282051,0.0,0.0
45,JugglingBalls,0.1074380165289256,0.0743801652892562,0.0578512396694214,0.0,0.0,0.0,0.0330578512396694,0.0330578512396694,0.0,0.0330578512396694,0.0330578512396694,0.0,0.0330578512396694,0.0330578512396694,0.0,0.0330578512396694,0.0330578512396694,0.0661157024793388,0.0330578512396694,0.0909090909090909,0.0661157024793388,0.1074380165289256,0.1074380165289256,0.1074380165289256,0.0743801652892562,0.0743801652892562,0.0743801652892562,0.0578512396694214,0.0578512396694214,0.0578512396694214,0.0743801652892562,0.0661157024793388,0.0495867768595041,0.0,0.0330578512396694,0.0330578512396694,0.0,0.0330578512396694,0.0330578512396694,0.0,0.0330578512396694,0.0330578512396694,0.0,0.0330578512396694,0.0330578512396694,0.0991735537190082,0.0826446280991735,0.0909090909090909,0.0661157024793388,0.0413223140495867,0.0826446280991735,0.0743801652892562,0.0743801652892562,0.0743801652892562,0.0661157024793388,0.0661157024793388,0.0661157024793388,0.0495867768595041,0.0495867768595041,0.0495867768595041,0.0,0.0
46,JumpRope,0.0,0.0,0.0,0.0138888888888888,0.0138888888888888,0.0,0.0,0.0,0.0,0.0,0.0,0.0,0.0,0.0,0.0,0.0,0.0,0.0,0.0,0.0,0.0,0.0138888888888888,0.0138888888888888,0.0,0.0138888888888888,0.0138888888888888,0.0,0.0138888888888888,0.0138888888888888,0.0,0.0,0.0,0.0,0.0208333333333333,0.0,0.0,0.0,0.0,0.0,0.0,0.0,0.0,0.0,0.0,0.0,0.0,0.0,0.0,0.0,0.0,0.0,0.0208333333333333,0.0,0.0,0.0208333333333333,0.0,0.0,0.0208333333333333,0.0,0.0,0.2115384615384615,0.17692307692307693
47,JumpingJack,0.0,0.0,0.0,0.0,0.0,0.0,0.0,0.0,0.0,0.0,0.0,0.0,0.0,0.0,0.0,0.0,0.0,0.0,0.0,0.0,0.0,0.0,0.0,0.0,0.0,0.0,0.0,0.0,0.0,0.0,0.0,0.0,0.0,0.0,0.0,0.0,0.0,0.0,0.0,0.0,0.0,0.0,0.0,0.0,0.0,0.0,0.0,0.0,0.0,0.0,0.0,0.0,0.0,0.0,0.0,0.0,0.0,0.0,0.0,0.0,0.0692307692307692,0.023076923076923078
48,Kayaking,0.4468085106382978,0.3404255319148936,0.226950354609929,0.0,0.0,0.0496453900709219,0.0354609929078014,0.1205673758865248,0.2765957446808511,0.0425531914893617,0.1702127659574468,0.3687943262411347,0.0354609929078014,0.0921985815602836,0.2907801418439716,0.4397163120567376,0.1985815602836879,0.4539007092198581,0.2765957446808511,0.4042553191489361,0.2624113475177305,0.4468085106382978,0.4468085106382978,0.4468085106382978,0.3404255319148936,0.3404255319148936,0.3404255319148936,0.226950354609929,0.226950354609929,0.226950354609929,0.475177304964539,0.475177304964539,0.3049645390070922,0.0,0.0283687943262411,0.1063829787234042,0.1489361702127659,0.1489361702127659,0.2907801418439716,0.0780141843971631,0.0921985815602836,0.1773049645390071,0.0638297872340425,0.0709219858156028,0.1418439716312056,0.2907801418439716,0.1843971631205673,0.3049645390070922,0.1914893617021276,0.2836879432624113,0.2127659574468085,0.475177304964539,0.475177304964539,0.475177304964539,0.475177304964539,0.475177304964539,0.475177304964539,0.3049645390070922,0.3049645390070922,0.3049645390070922,0.15,0.023076923076923078
49,Knitting,0.5853658536585366,0.5528455284552846,0.4715447154471545,0.0,0.0,0.0,0.0,0.008130081300813,0.016260162601626,0.032520325203252,0.024390243902439,0.032520325203252,0.032520325203252,0.024390243902439,0.032520325203252,0.2682926829268293,0.1788617886178861,0.1951219512195122,0.2195121951219512,0.2113821138211382,0.2195121951219512,0.5853658536585366,0.5853658536585366,0.5853658536585366,0.5528455284552846,0.5528455284552846,0.5528455284552846,0.4715447154471545,0.4715447154471545,0.4715447154471545,0.5284552845528455,0.4878048780487805,0.4715447154471545,0.0,0.0,0.0,0.0,0.0,0.0,0.016260162601626,0.0,0.0,0.016260162601626,0.0,0.0,0.1056910569105691,0.065040650406504,0.073170731707317,0.065040650406504,0.032520325203252,0.065040650406504,0.5284552845528455,0.5284552845528455,0.5284552845528455,0.4878048780487805,0.4878048780487805,0.4878048780487805,0.4715447154471545,0.4715447154471545,0.4715447154471545,0.0384615384615384,0.011538461538461539
50,LongJump,0.0,0.0,0.0,0.0,0.0,0.0,0.0,0.0,0.0,0.0,0.0,0.0,0.0,0.0,0.0,0.0305343511450381,0.4045801526717557,0.3511450381679389,0.4351145038167939,0.0305343511450381,0.0381679389312977,0.0,0.0,0.0,0.0,0.0,0.0,0.0,0.0,0.0,0.0,0.2442748091603053,0.2366412213740458,0.0,0.0,0.0,0.1450381679389313,0.1221374045801526,0.0763358778625954,0.1679389312977099,0.1297709923664122,0.099236641221374,0.1374045801526717,0.1221374045801526,0.0916030534351145,0.0,0.4732824427480916,0.4809160305343511,0.4198473282442748,0.1450381679389313,0.1603053435114503,0.0,0.0,0.0,0.2442748091603053,0.2442748091603053,0.2442748091603053,0.2366412213740458,0.2366412213740458,0.2366412213740458,0.0346153846153846,0.0
51,Lunges,0.0,0.0,0.0,0.0,0.0,0.0,0.0,0.0,0.0,0.0,0.0,0.0,0.0,0.0,0.0,0.0157480314960629,0.0,0.0157480314960629,0.0393700787401574,0.0314960629921259,0.0472440944881889,0.0,0.0,0.0,0.0,0.0,0.0,0.0,0.0,0.0,0.0,0.0,0.0,0.0,0.0,0.0,0.0,0.0,0.0,0.0,0.0,0.0,0.0,0.0,0.0,0.0,0.0,0.0,0.0,0.0,0.0,0.0,0.0,0.0,0.0,0.0,0.0,0.0,0.0,0.0,0.3807692307692307,0.0
52,MilitaryParade,0.288,0.392,0.496,0.2,0.16,0.12,0.216,0.144,0.152,0.312,0.296,0.216,0.44,0.408,0.32,0.488,0.528,0.512,0.544,0.552,0.52,0.288,0.288,0.288,0.392,0.392,0.392,0.496,0.496,0.496,0.16,0.512,0.456,0.152,0.136,0.104,0.128,0.152,0.136,0.376,0.328,0.344,0.352,0.304,0.336,0.168,0.224,0.24,0.264,0.232,0.28,0.16,0.16,0.16,0.512,0.512,0.512,0.456,0.456,0.456,0.0,0.011538461538461539
53,Mixing,0.2941176470588235,0.4191176470588235,0.3823529411764705,0.088235294117647,0.1029411764705882,0.0735294117647058,0.1102941176470588,0.125,0.0955882352941176,0.1397058823529411,0.1617647058823529,0.1323529411764706,0.1470588235294117,0.1617647058823529,0.1544117647058823,0.3455882352941176,0.4117647058823529,0.3823529411764705,0.4264705882352941,0.3382352941176471,0.2867647058823529,0.2941176470588235,0.2941176470588235,0.2941176470588235,0.4191176470588235,0.4191176470588235,0.4191176470588235,0.3823529411764705,0.3823529411764705,0.3823529411764705,0.1985294117647058,0.3235294117647059,0.5,0.1397058823529411,0.1029411764705882,0.088235294117647,0.2058823529411764,0.1838235294117647,0.1176470588235294,0.2205882352941176,0.1985294117647058,0.1397058823529411,0.2426470588235294,0.2279411764705882,0.1691176470588235,0.375,0.3823529411764705,0.4411764705882353,0.4411764705882353,0.4705882352941176,0.4411764705882353,0.1985294117647058,0.1985294117647058,0.1985294117647058,0.3235294117647059,0.3235294117647059,0.3235294117647059,0.5,0.5,0.5,0.2538461538461538,0.16538461538461538
54,MoppingFloor,0.1181818181818181,0.1454545454545454,0.1636363636363636,0.1181818181818181,0.1,0.0454545454545454,0.1272727272727272,0.1363636363636363,0.1,0.1454545454545454,0.1454545454545454,0.109090909090909,0.1454545454545454,0.1363636363636363,0.1,0.1454545454545454,0.2363636363636363,0.1454545454545454,0.1636363636363636,0.1545454545454545,0.1363636363636363,0.1181818181818181,0.1181818181818181,0.1181818181818181,0.1454545454545454,0.1454545454545454,0.1454545454545454,0.1636363636363636,0.1636363636363636,0.1636363636363636,0.109090909090909,0.3,0.3545454545454545,0.2363636363636363,0.1636363636363636,0.1909090909090909,0.2,0.1636363636363636,0.209090909090909,0.3181818181818182,0.3,0.3454545454545454,0.3545454545454545,0.3272727272727272,0.3727272727272727,0.2363636363636363,0.2727272727272727,0.2818181818181818,0.2909090909090909,0.3090909090909091,0.3818181818181818,0.2363636363636363,0.1636363636363636,0.1909090909090909,0.3,0.3,0.3,0.3545454545454545,0.3545454545454545,0.3545454545454545,0.3615384615384615,0.3346153846153846
55,Nunchucks,0.106060606060606,0.053030303030303,0.0378787878787878,0.0,0.0,0.0,0.0454545454545454,0.0378787878787878,0.0151515151515151,0.0303030303030303,0.0227272727272727,0.0151515151515151,0.0378787878787878,0.0303030303030303,0.0151515151515151,0.1363636363636363,0.1666666666666666,0.1212121212121212,0.1515151515151515,0.1439393939393939,0.1287878787878787,0.106060606060606,0.106060606060606,0.106060606060606,0.053030303030303,0.053030303030303,0.053030303030303,0.0378787878787878,0.0378787878787878,0.0378787878787878,0.0,0.0,0.0,0.0,0.0,0.0,0.0,0.0,0.0,0.0,0.0,0.0,0.0,0.0,0.0,0.0,0.0,0.0,0.0075757575757575,0.0,0.0,0.0,0.0,0.0,0.0,0.0,0.0,0.0,0.0,0.0,0.0307692307692307,0.023076923076923078
56,ParallelBars,0.8771929824561403,0.8245614035087719,0.7894736842105263,0.0,0.0,0.0,0.5614035087719298,0.5350877192982456,0.4122807017543859,0.5263157894736842,0.4824561403508772,0.3684210526315789,0.4912280701754385,0.4912280701754385,0.3508771929824561,0.5701754385964912,0.4736842105263157,0.8947368421052632,0.9385964912280702,0.868421052631579,0.8421052631578947,0.8771929824561403,0.8771929824561403,0.8771929824561403,0.8245614035087719,0.8245614035087719,0.8245614035087719,0.7894736842105263,0.7894736842105263,0.7894736842105263,0.8859649122807017,0.8508771929824561,0.8508771929824561,0.0,0.0,0.0,0.5614035087719298,0.5350877192982456,0.4649122807017544,0.5263157894736842,0.5,0.4385964912280701,0.5350877192982456,0.5,0.4385964912280701,0.5350877192982456,0.6491228070175439,0.8508771929824561,0.7807017543859649,0.8771929824561403,0.8771929824561403,0.8859649122807017,0.8859649122807017,0.8859649122807017,0.8508771929824561,0.8508771929824561,0.8508771929824561,0.8508771929824561,0.8508771929824561,0.8508771929824561,0.0,0.0
57,PizzaTossing,0.0,0.0,0.0,0.0884955752212389,0.1327433628318584,0.1415929203539823,0.0619469026548672,0.1150442477876106,0.1415929203539823,0.0530973451327433,0.1061946902654867,0.1504424778761062,0.0530973451327433,0.1061946902654867,0.1415929203539823,0.0,0.0,0.0,0.0,0.0,0.0,0.0884955752212389,0.1327433628318584,0.1415929203539823,0.0884955752212389,0.1327433628318584,0.1415929203539823,0.0884955752212389,0.1327433628318584,0.1415929203539823,0.0,0.0,0.0,0.0265486725663716,0.0265486725663716,0.0176991150442477,0.0265486725663716,0.0176991150442477,0.0176991150442477,0.0265486725663716,0.0176991150442477,0.0176991150442477,0.0265486725663716,0.0176991150442477,0.0088495575221238,0.0,0.0,0.0,0.0,0.0,0.0,0.0265486725663716,0.0265486725663716,0.0176991150442477,0.0265486725663716,0.0265486725663716,0.0176991150442477,0.0265486725663716,0.0265486725663716,0.0176991150442477,0.0,0.0038461538461538464
58,PlayingCello,0.8292682926829268,0.7804878048780488,0.6585365853658537,0.1646341463414634,0.1402439024390244,0.0,0.774390243902439,0.7682926829268293,0.3170731707317073,0.8048780487804879,0.7865853658536586,0.6097560975609756,0.6585365853658537,0.6585365853658537,0.573170731707317,0.8841463414634146,0.9207317073170732,0.8475609756097561,0.8292682926829268,0.8963414634146342,0.8353658536585366,0.8292682926829268,0.8292682926829268,0.8292682926829268,0.7804878048780488,0.7804878048780488,0.7804878048780488,0.6585365853658537,0.6585365853658537,0.6585365853658537,0.7134146341463414,0.8597560975609756,0.8109756097560976,0.0,0.0,0.0670731707317073,0.676829268292683,0.6219512195121951,0.5975609756097561,0.7804878048780488,0.7134146341463414,0.676829268292683,0.7378048780487805,0.6341463414634146,0.5670731707317073,0.8719512195121951,0.8658536585365854,0.8719512195121951,0.8902439024390244,0.9207317073170732,0.9207317073170732,0.7134146341463414,0.7134146341463414,0.7134146341463414,0.8597560975609756,0.8597560975609756,0.8597560975609756,0.8109756097560976,0.8109756097560976,0.8109756097560976,0.0192307692307692,0.046153846153846156
59,PlayingDaf,0.0,0.0,0.0,0.0,0.0,0.0,0.0,0.0,0.0,0.0,0.0,0.0,0.0,0.0,0.0,0.0331125827814569,0.0,0.0397350993377483,0.0,0.0,0.0,0.0,0.0,0.0,0.0,0.0,0.0,0.0,0.0,0.0,0.0,0.0,0.0,0.0,0.0,0.0,0.0,0.0,0.0,0.0,0.0,0.0,0.0,0.0,0.0,0.0,0.0,0.0,0.0,0.0,0.0,0.0,0.0,0.0,0.0,0.0,0.0,0.0,0.0,0.0,0.0,0.0
60,PlayingDhol,0.0,0.0,0.0,0.0,0.0,0.0,0.0,0.0,0.0,0.0,0.0,0.0,0.0,0.0,0.0,0.0121951219512195,0.0060975609756097,0.0060975609756097,0.0,0.0304878048780487,0.0060975609756097,0.0,0.0,0.0,0.0,0.0,0.0,0.0,0.0,0.0,0.0,0.0,0.0,0.0,0.0,0.0,0.0,0.0,0.0,0.0,0.0,0.0,0.0,0.0,0.0,0.0,0.0,0.0,0.0,0.0,0.0,0.0,0.0,0.0,0.0,0.0,0.0,0.0,0.0,0.0,0.1961538461538461,0.019230769230769232
61,PlayingFlute,0.7870967741935484,0.8,0.7483870967741936,0.0,0.0,0.0,0.5548387096774193,0.5548387096774193,0.2903225806451613,0.7741935483870968,0.7612903225806451,0.6451612903225806,0.6645161290322581,0.6516129032258065,0.535483870967742,0.8258064516129032,0.864516129032258,0.8516129032258064,0.864516129032258,0.8774193548387097,0.8709677419354839,0.7870967741935484,0.7870967741935484,0.7870967741935484,0.8,0.8,0.8,0.7483870967741936,0.7483870967741936,0.7483870967741936,0.7806451612903226,0.7290322580645161,0.3225806451612903,0.0,0.0,0.0,0.3548387096774194,0.3096774193548387,0.2193548387096774,0.2838709677419355,0.2387096774193548,0.1548387096774193,0.1225806451612903,0.1225806451612903,0.1161290322580645,0.8129032258064516,0.8580645161290322,0.8258064516129032,0.8451612903225807,0.8451612903225807,0.7806451612903226,0.7806451612903226,0.7806451612903226,0.7806451612903226,0.7290322580645161,0.7290322580645161,0.7290322580645161,0.3225806451612903,0.3225806451612903,0.3225806451612903,0.0,0.0
62,PlayingGuitar,0.69375,0.7,0.45,0.0,0.0,0.0,0.4625,0.60625,0.4,0.7875,0.85,0.725,0.25,0.5,0.2875,0.7375,0.76875,0.80625,0.75,0.70625,0.73125,0.69375,0.69375,0.69375,0.7,0.7,0.7,0.45,0.45,0.45,0.675,0.85625,0.80625,0.0,0.0,0.0,0.6375,0.6125,0.5875,0.6,0.56875,0.475,0.425,0.38125,0.30625,0.81875,0.8375,0.84375,0.825,0.575,0.54375,0.675,0.675,0.675,0.85625,0.85625,0.85625,0.80625,0.80625,0.80625,0.1807692307692307,0.11923076923076924
63,PlayingPiano,0.6857142857142857,0.4571428571428571,0.8666666666666667,0.6666666666666666,0.6571428571428571,0.8285714285714286,0.7714285714285715,0.7428571428571429,0.8476190476190476,0.7047619047619048,0.638095238095238,0.819047619047619,0.8666666666666667,0.8380952380952381,0.8761904761904762,0.8380952380952381,0.8476190476190476,0.8380952380952381,0.8476190476190476,0.8380952380952381,0.8666666666666667,0.6857142857142857,0.6857142857142857,0.8285714285714286,0.6666666666666666,0.6571428571428571,0.8285714285714286,0.8666666666666667,0.8666666666666667,0.8666666666666667,0.9047619047619048,0.9047619047619048,0.7714285714285715,0.1047619047619047,0.4952380952380952,0.2095238095238095,0.7714285714285715,0.8761904761904762,0.8285714285714286,0.7428571428571429,0.9142857142857144,0.8095238095238095,0.6571428571428571,0.8952380952380953,0.780952380952381,0.8476190476190476,0.8571428571428571,0.819047619047619,0.8380952380952381,0.8095238095238095,0.7904761904761904,0.9047619047619048,0.9047619047619048,0.9047619047619048,0.9047619047619048,0.9047619047619048,0.9047619047619048,0.7714285714285715,0.7714285714285715,0.7714285714285715,0.0115384615384615,0.046153846153846156
64,PlayingSitar,0.910828025477707,0.9171974522292994,0.8726114649681529,0.0,0.0,0.0,0.8598726114649682,0.89171974522293,0.802547770700637,0.8407643312101911,0.8853503184713376,0.7898089171974523,0.8343949044585988,0.8471337579617835,0.7707006369426752,0.7834394904458599,0.6751592356687898,0.910828025477707,0.9044585987261148,0.910828025477707,0.9235668789808916,0.910828025477707,0.910828025477707,0.910828025477707,0.9171974522292994,0.9171974522292994,0.9171974522292994,0.8726114649681529,0.8726114649681529,0.8726114649681529,0.8853503184713376,0.8598726114649682,0.8535031847133758,0.0,0.0063694267515923,0.0,0.821656050955414,0.821656050955414,0.8280254777070064,0.8152866242038217,0.8152866242038217,0.8280254777070064,0.8152866242038217,0.8089171974522293,0.821656050955414,0.9235668789808916,0.9363057324840764,0.929936305732484,0.910828025477707,0.9171974522292994,0.910828025477707,0.8853503184713376,0.8853503184713376,0.8853503184713376,0.8598726114649682,0.8598726114649682,0.8598726114649682,0.8535031847133758,0.8535031847133758,0.8535031847133758,0.4153846153846154,0.4115384615384615
65,PlayingTabla,0.1351351351351351,0.3243243243243243,0.1081081081081081,0.0,0.0,0.0,0.072072072072072,0.1531531531531531,0.063063063063063,0.1261261261261261,0.1981981981981982,0.1081081081081081,0.063063063063063,0.0990990990990991,0.09009009009009,0.5405405405405406,0.1801801801801801,0.3873873873873873,0.4324324324324324,0.4144144144144144,0.4954954954954955,0.1351351351351351,0.1351351351351351,0.1351351351351351,0.3243243243243243,0.3243243243243243,0.3243243243243243,0.1081081081081081,0.1081081081081081,0.1081081081081081,0.0,0.0,0.0,0.0,0.0,0.054054054054054,0.0,0.0,0.036036036036036,0.0,0.0,0.036036036036036,0.0,0.0,0.036036036036036,0.0,0.0,0.0,0.0,0.0,0.0,0.0,0.0,0.054054054054054,0.0,0.0,0.054054054054054,0.0,0.0,0.054054054054054,0.0346153846153846,0.019230769230769232
66,PlayingViolin,0.37,0.4,0.68,0.0,0.0,0.0,0.11,0.11,0.04,0.4,0.37,0.23,0.62,0.62,0.47,0.39,0.17,0.32,0.46,0.31,0.53,0.37,0.37,0.37,0.4,0.4,0.4,0.68,0.68,0.68,0.8,0.23,0.75,0.0,0.0,0.0,0.28,0.14,0.12,0.0,0.01,0.0,0.52,0.5,0.46,0.59,0.47,0.47,0.45,0.49,0.54,0.8,0.8,0.8,0.23,0.23,0.23,0.75,0.75,0.75,0.0153846153846153,0.03076923076923077
67,PoleVault,0.1208053691275167,0.2080536912751678,0.174496644295302,0.0201342281879194,0.0201342281879194,0.0134228187919463,0.0536912751677852,0.0402684563758389,0.0134228187919463,0.1006711409395973,0.1006711409395973,0.046979865771812,0.0939597315436241,0.0939597315436241,0.046979865771812,0.0402684563758389,0.0402684563758389,0.0536912751677852,0.0805369127516778,0.1073825503355704,0.087248322147651,0.1208053691275167,0.1208053691275167,0.1208053691275167,0.2080536912751678,0.2080536912751678,0.2080536912751678,0.174496644295302,0.174496644295302,0.174496644295302,0.4496644295302013,0.3959731543624161,0.3288590604026846,0.0,0.0,0.0,0.1208053691275167,0.1006711409395973,0.087248322147651,0.1409395973154362,0.1006711409395973,0.0939597315436241,0.1208053691275167,0.0671140939597315,0.0536912751677852,0.0,0.0201342281879194,0.0402684563758389,0.0805369127516778,0.0738255033557047,0.1476510067114094,0.4496644295302013,0.4496644295302013,0.4496644295302013,0.3959731543624161,0.3959731543624161,0.3959731543624161,0.3288590604026846,0.3288590604026846,0.3288590604026846,0.0346153846153846,0.011538461538461539
68,PommelHorse,0.7479674796747967,0.7235772357723578,0.6991869918699187,0.0,0.0,0.0,0.6504065040650406,0.6504065040650406,0.4471544715447154,0.6341463414634146,0.6341463414634146,0.4471544715447154,0.6260162601626016,0.6260162601626016,0.4308943089430894,0.7479674796747967,0.7479674796747967,0.7804878048780488,0.7560975609756098,0.7479674796747967,0.7479674796747967,0.7479674796747967,0.7479674796747967,0.7479674796747967,0.7235772357723578,0.7235772357723578,0.7235772357723578,0.6991869918699187,0.6991869918699187,0.6991869918699187,0.7479674796747967,0.7235772357723578,0.6829268292682927,0.0,0.0,0.0,0.6829268292682927,0.5284552845528455,0.4959349593495935,0.6585365853658537,0.4065040650406504,0.4146341463414634,0.6422764227642277,0.4065040650406504,0.4065040650406504,0.7804878048780488,0.8048780487804879,0.8048780487804879,0.8048780487804879,0.7967479674796748,0.7886178861788617,0.7479674796747967,0.7479674796747967,0.7479674796747967,0.7235772357723578,0.7235772357723578,0.7235772357723578,0.6829268292682927,0.6829268292682927,0.6829268292682927,0.3115384615384615,0.14615384615384616
69,PullUps,0.0,0.0,0.0,0.0,0.0,0.0,0.0,0.0,0.0,0.0,0.0,0.0,0.0,0.0,0.0,0.03,0.0,0.0,0.0,0.0,0.0,0.0,0.0,0.0,0.0,0.0,0.0,0.0,0.0,0.0,0.0,0.02,0.0,0.07,0.07,0.07,0.07,0.07,0.07,0.06,0.06,0.06,0.06,0.06,0.06,0.0,0.0,0.0,0.0,0.0,0.0,0.07,0.07,0.07,0.07,0.07,0.07,0.07,0.07,0.07,0.0423076923076923,0.0038461538461538464
70,Punch,0.0,0.0,0.0,0.0,0.0,0.0,0.0,0.0,0.0,0.0,0.0,0.0,0.0,0.0,0.0,0.0,0.0,0.0,0.0,0.0,0.0,0.0,0.0,0.0,0.0,0.0,0.0,0.0,0.0,0.0,0.0125,0.00625,0.00625,0.0,0.0,0.0,0.0,0.0,0.0,0.0,0.0,0.0,0.0,0.0,0.0,0.0,0.0,0.0,0.0,0.0,0.0,0.0125,0.0125,0.0125,0.00625,0.00625,0.00625,0.00625,0.00625,0.00625,0.0,0.0
71,PushUps,0.0,0.0,0.0,0.0098039215686274,0.0,0.0,0.0,0.0,0.0,0.0,0.0,0.0,0.0,0.0,0.0,0.0,0.0,0.0,0.0,0.0,0.0,0.0098039215686274,0.0,0.0,0.0098039215686274,0.0,0.0,0.0098039215686274,0.0,0.0,0.0294117647058823,0.0,0.0,0.0,0.0,0.0,0.0098039215686274,0.0,0.0,0.0,0.0,0.0,0.0,0.0,0.0,0.0,0.0,0.0,0.0,0.0,0.0,0.0294117647058823,0.0294117647058823,0.0294117647058823,0.0,0.0,0.0,0.0,0.0,0.0,0.0769230769230769,0.057692307692307696
72,Rafting,0.3333333333333333,0.0990990990990991,0.045045045045045,0.963963963963964,0.954954954954955,0.945945945945946,0.954954954954955,0.945945945945946,0.945945945945946,0.954954954954955,0.9369369369369368,0.8378378378378378,0.954954954954955,0.9369369369369368,0.8738738738738738,0.8378378378378378,0.990990990990991,0.8828828828828829,0.9369369369369368,0.9369369369369368,0.9369369369369368,0.963963963963964,0.954954954954955,0.945945945945946,0.963963963963964,0.954954954954955,0.945945945945946,0.963963963963964,0.954954954954955,0.945945945945946,0.3423423423423423,0.3333333333333333,0.3783783783783784,0.981981981981982,0.981981981981982,0.963963963963964,0.972972972972973,0.963963963963964,0.9369369369369368,0.963963963963964,0.963963963963964,0.954954954954955,0.963963963963964,0.963963963963964,0.954954954954955,0.981981981981982,0.981981981981982,0.981981981981982,0.972972972972973,0.963963963963964,0.963963963963964,0.981981981981982,0.981981981981982,0.963963963963964,0.981981981981982,0.981981981981982,0.963963963963964,0.981981981981982,0.981981981981982,0.963963963963964,0.2115384615384615,0.011538461538461539
73,RockClimbingIndoor,0.0,0.0694444444444444,0.0694444444444444,0.0,0.0,0.0,0.0,0.0,0.0,0.0208333333333333,0.0277777777777777,0.0138888888888888,0.0347222222222222,0.0347222222222222,0.0208333333333333,0.4305555555555556,0.3472222222222222,0.4930555555555556,0.3472222222222222,0.4652777777777778,0.4375,0.0,0.0,0.0,0.0694444444444444,0.0694444444444444,0.0694444444444444,0.0694444444444444,0.0694444444444444,0.0694444444444444,0.5486111111111112,0.4305555555555556,0.3055555555555556,0.0,0.0,0.0138888888888888,0.2847222222222222,0.2361111111111111,0.1944444444444444,0.2569444444444444,0.2291666666666666,0.1875,0.1805555555555555,0.1736111111111111,0.1458333333333333,0.4375,0.3958333333333333,0.4652777777777778,0.4791666666666667,0.4930555555555556,0.4930555555555556,0.5486111111111112,0.5486111111111112,0.5486111111111112,0.4305555555555556,0.4305555555555556,0.4305555555555556,0.3055555555555556,0.3055555555555556,0.3055555555555556,0.0038461538461538,0.14615384615384616
74,RopeClimbing,0.0588235294117647,0.1092436974789916,0.1008403361344537,0.0,0.0,0.0,0.0,0.0,0.0,0.0756302521008403,0.042016806722689,0.0252100840336134,0.0672268907563025,0.0588235294117647,0.0252100840336134,0.0084033613445378,0.0084033613445378,0.0084033613445378,0.0084033613445378,0.0168067226890756,0.0084033613445378,0.0588235294117647,0.0588235294117647,0.0588235294117647,0.1092436974789916,0.1092436974789916,0.1092436974789916,0.1008403361344537,0.1008403361344537,0.1008403361344537,0.0,0.0168067226890756,0.0336134453781512,0.0,0.0168067226890756,0.0084033613445378,0.0,0.0,0.0,0.0,0.0,0.0,0.0084033613445378,0.0084033613445378,0.0084033613445378,0.0,0.0,0.0084033613445378,0.0,0.0,0.0084033613445378,0.0,0.0168067226890756,0.0084033613445378,0.0168067226890756,0.0168067226890756,0.0168067226890756,0.0336134453781512,0.0336134453781512,0.0336134453781512,0.0,0.0
75,Rowing,0.9562043795620438,0.9343065693430656,0.927007299270073,0.2554744525547445,0.2846715328467153,0.145985401459854,0.8321167883211679,0.8394160583941606,0.8540145985401459,0.8321167883211679,0.8467153284671532,0.8467153284671532,0.8321167883211679,0.8394160583941606,0.8467153284671532,0.9562043795620438,0.927007299270073,0.9708029197080292,0.9854014598540146,0.9854014598540146,0.978102189781022,0.9562043795620438,0.9562043795620438,0.9562043795620438,0.9343065693430656,0.9343065693430656,0.9343065693430656,0.927007299270073,0.927007299270073,0.927007299270073,0.9051094890510948,0.8321167883211679,0.7591240875912408,0.0,0.0583941605839416,0.0510948905109489,0.8321167883211679,0.7737226277372263,0.6788321167883211,0.7226277372262774,0.635036496350365,0.5620437956204379,0.6715328467153284,0.6131386861313869,0.5620437956204379,0.9854014598540146,0.9708029197080292,0.9854014598540146,0.9708029197080292,0.978102189781022,0.978102189781022,0.9051094890510948,0.9051094890510948,0.9051094890510948,0.8321167883211679,0.8321167883211679,0.8321167883211679,0.7591240875912408,0.7591240875912408,0.7591240875912408,0.0038461538461538,0.04230769230769231
76,SalsaSpin,0.0,0.0,0.0,0.0,0.0,0.0,0.0,0.0,0.0,0.0,0.0,0.0,0.0,0.0,0.0,0.0,0.0,0.0,0.0,0.0,0.0,0.0,0.0,0.0,0.0,0.0,0.0,0.0,0.0,0.0,0.0,0.0,0.0,0.0,0.0,0.0,0.0,0.0,0.0,0.0,0.0,0.0,0.0,0.0,0.0,0.0,0.0,0.0,0.0,0.0,0.0,0.0,0.0,0.0,0.0,0.0,0.0,0.0,0.0,0.0,0.0076923076923076,0.0038461538461538464
77,ShavingBeard,0.5279503105590062,0.515527950310559,0.5093167701863354,0.0869565217391304,0.0062111801242236,0.062111801242236,0.217391304347826,0.1304347826086956,0.1739130434782608,0.3043478260869565,0.2111801242236025,0.2608695652173913,0.3229813664596273,0.2111801242236025,0.2795031055900621,0.4037267080745341,0.4596273291925465,0.3850931677018633,0.4409937888198758,0.422360248447205,0.4472049689440994,0.5279503105590062,0.5279503105590062,0.5279503105590062,0.515527950310559,0.515527950310559,0.515527950310559,0.5093167701863354,0.5093167701863354,0.5093167701863354,0.484472049689441,0.2919254658385093,0.1925465838509316,0.0,0.0,0.0,0.124223602484472,0.0993788819875776,0.0683229813664596,0.0559006211180124,0.0434782608695652,0.0372670807453416,0.0372670807453416,0.031055900621118,0.0186335403726708,0.3229813664596273,0.4596273291925465,0.3726708074534161,0.4409937888198758,0.3975155279503105,0.391304347826087,0.484472049689441,0.484472049689441,0.484472049689441,0.2919254658385093,0.2919254658385093,0.2919254658385093,0.1925465838509316,0.1925465838509316,0.1925465838509316,0.0846153846153846,0.019230769230769232
78,Shotput,0.0347222222222222,0.0277777777777777,0.0208333333333333,0.1736111111111111,0.0277777777777777,0.0,0.1597222222222222,0.0625,0.0069444444444444,0.1458333333333333,0.0347222222222222,0.0069444444444444,0.1458333333333333,0.0416666666666666,0.0,0.1527777777777778,0.1180555555555555,0.1041666666666666,0.0486111111111111,0.0694444444444444,0.0555555555555555,0.1736111111111111,0.0347222222222222,0.0347222222222222,0.1736111111111111,0.0277777777777777,0.0277777777777777,0.1736111111111111,0.0277777777777777,0.0208333333333333,0.0,0.0,0.0,0.0,0.0,0.0138888888888888,0.0,0.0,0.0,0.0,0.0,0.0,0.0,0.0,0.0,0.0,0.0,0.0,0.0,0.0,0.0,0.0,0.0,0.0138888888888888,0.0,0.0,0.0138888888888888,0.0,0.0,0.0138888888888888,0.1615384615384615,0.09615384615384616
79,SkateBoarding,0.4333333333333333,0.8666666666666667,0.85,0.0,0.025,0.0083333333333333,0.3416666666666667,0.35,0.2916666666666667,0.8166666666666667,0.8166666666666667,0.75,0.7833333333333333,0.825,0.7333333333333333,0.1416666666666666,0.2083333333333333,0.2416666666666666,0.1666666666666666,0.1916666666666666,0.1833333333333333,0.4333333333333333,0.4333333333333333,0.4333333333333333,0.8666666666666667,0.8666666666666667,0.8666666666666667,0.85,0.85,0.85,0.8833333333333333,0.85,0.8583333333333333,0.0,0.0083333333333333,0.025,0.7916666666666666,0.7333333333333333,0.6833333333333333,0.7833333333333333,0.75,0.7166666666666667,0.775,0.75,0.7166666666666667,0.825,0.8333333333333334,0.85,0.8333333333333334,0.85,0.8416666666666667,0.8833333333333333,0.8833333333333333,0.8833333333333333,0.85,0.85,0.85,0.8583333333333333,0.8583333333333333,0.8583333333333333,0.0,0.0
80,Skiing,0.8148148148148148,0.8148148148148148,0.8074074074074075,0.6962962962962963,0.7037037037037037,0.6,0.8518518518518519,0.8592592592592593,0.837037037037037,0.837037037037037,0.8666666666666667,0.8518518518518519,0.8222222222222222,0.8666666666666667,0.8444444444444444,0.8,0.7925925925925926,0.6592592592592592,0.8296296296296296,0.8444444444444444,0.8296296296296296,0.8148148148148148,0.8148148148148148,0.8148148148148148,0.8148148148148148,0.8148148148148148,0.8148148148148148,0.8074074074074075,0.8074074074074075,0.8074074074074075,0.7925925925925926,0.8148148148148148,0.8296296296296296,0.8296296296296296,0.837037037037037,0.7481481481481481,0.9037037037037036,0.8666666666666667,0.8296296296296296,0.9111111111111112,0.8592592592592593,0.8074074074074075,0.9037037037037036,0.8592592592592593,0.8,0.8962962962962963,0.9111111111111112,0.8444444444444444,0.8814814814814815,0.8666666666666667,0.8518518518518519,0.8296296296296296,0.837037037037037,0.7925925925925926,0.8296296296296296,0.837037037037037,0.8148148148148148,0.8296296296296296,0.837037037037037,0.8296296296296296,0.0153846153846153,0.015384615384615385
81,Skijet,0.0,0.0,0.0,0.0,0.0,0.0,0.0,0.0,0.0,0.0,0.0,0.0,0.0,0.0,0.0,0.0,0.0,0.0,0.0,0.0,0.0,0.0,0.0,0.0,0.0,0.0,0.0,0.0,0.0,0.0,0.0,0.0,0.0,0.0,0.0,0.0,0.0,0.0,0.0,0.0,0.0,0.0,0.0,0.0,0.0,0.0,0.0,0.0,0.0,0.0,0.0,0.0,0.0,0.0,0.0,0.0,0.0,0.0,0.0,0.0,0.0,0.007692307692307693
82,SkyDiving,0.0,0.0,0.0,0.7090909090909091,0.6818181818181818,0.6090909090909091,0.7363636363636363,0.7272727272727273,0.6636363636363637,0.5818181818181818,0.5545454545454546,0.5818181818181818,0.6,0.5909090909090909,0.6181818181818182,0.6909090909090909,0.6818181818181818,0.5909090909090909,0.5909090909090909,0.5636363636363636,0.6181818181818182,0.7090909090909091,0.6818181818181818,0.6090909090909091,0.7090909090909091,0.6818181818181818,0.6090909090909091,0.7090909090909091,0.6818181818181818,0.6090909090909091,0.4636363636363636,0.1909090909090909,0.3181818181818182,0.6909090909090909,0.6,0.4545454545454545,0.7454545454545455,0.6727272727272727,0.5818181818181818,0.7272727272727273,0.6636363636363637,0.5545454545454546,0.7363636363636363,0.7272727272727273,0.5818181818181818,0.7909090909090909,0.7909090909090909,0.7,0.7727272727272727,0.7090909090909091,0.6909090909090909,0.6909090909090909,0.6,0.4636363636363636,0.6909090909090909,0.6,0.4545454545454545,0.6909090909090909,0.6,0.4545454545454545,0.0961538461538461,0.1076923076923077
83,SoccerJuggling,0.0068027210884353,0.0068027210884353,0.0136054421768707,0.0068027210884353,0.0068027210884353,0.0068027210884353,0.0068027210884353,0.0,0.0068027210884353,0.0340136054421768,0.0068027210884353,0.0068027210884353,0.0612244897959183,0.0476190476190476,0.0068027210884353,0.0136054421768707,0.0136054421768707,0.0068027210884353,0.0068027210884353,0.0884353741496598,0.0952380952380952,0.0068027210884353,0.0068027210884353,0.0068027210884353,0.0068027210884353,0.0068027210884353,0.0068027210884353,0.0136054421768707,0.0136054421768707,0.0136054421768707,0.0068027210884353,0.0068027210884353,0.0068027210884353,0.0,0.0,0.0,0.0,0.0,0.0,0.0,0.0,0.0,0.0,0.0,0.0,0.0068027210884353,0.0068027210884353,0.0136054421768707,0.0068027210884353,0.0136054421768707,0.0068027210884353,0.0068027210884353,0.0068027210884353,0.0068027210884353,0.0068027210884353,0.0068027210884353,0.0068027210884353,0.0068027210884353,0.0068027210884353,0.0068027210884353,0.1038461538461538,0.038461538461538464
84,SoccerPenalty,0.0,0.3284671532846715,0.3503649635036496,0.927007299270073,0.9343065693430656,0.7737226277372263,0.927007299270073,0.9343065693430656,0.7664233576642335,0.9197080291970804,0.6131386861313869,0.5109489051094891,0.8686131386861314,0.6204379562043796,0.5255474452554745,0.8978102189781022,0.8102189781021898,0.978102189781022,0.9708029197080292,0.8102189781021898,0.8467153284671532,0.927007299270073,0.9343065693430656,0.7737226277372263,0.927007299270073,0.9343065693430656,0.7737226277372263,0.927007299270073,0.9343065693430656,0.7737226277372263,0.2992700729927007,0.3576642335766423,0.3138686131386861,1.0,1.0,1.0,0.9708029197080292,1.0,1.0,0.9927007299270072,1.0,1.0,0.978102189781022,1.0,1.0,0.9562043795620438,0.9927007299270072,0.7883211678832117,0.9416058394160584,0.9343065693430656,0.978102189781022,1.0,1.0,1.0,1.0,1.0,1.0,1.0,1.0,1.0,0.1192307692307692,0.1576923076923077
85,StillRings,0.0,0.0,0.0,0.0,0.0,0.0,0.0,0.0,0.0,0.0,0.0,0.0,0.0,0.0,0.0,0.0,0.0,0.0,0.0,0.0,0.0,0.0,0.0,0.0,0.0,0.0,0.0,0.0,0.0,0.0,0.0,0.0,0.0,0.0,0.0,0.0,0.0,0.0,0.0,0.0,0.0,0.0,0.0,0.0,0.0,0.0,0.0,0.0,0.0,0.0,0.0,0.0,0.0,0.0,0.0,0.0,0.0,0.0,0.0,0.0,0.0846153846153846,0.026923076923076925
86,SumoWrestling,0.8879310344827587,0.9051724137931034,0.896551724137931,0.0,0.043103448275862,0.0,0.896551724137931,0.896551724137931,0.8620689655172413,0.896551724137931,0.8879310344827587,0.853448275862069,0.913793103448276,0.9051724137931034,0.8706896551724138,0.896551724137931,0.913793103448276,0.896551724137931,0.9051724137931034,0.9051724137931034,0.896551724137931,0.8879310344827587,0.8879310344827587,0.8879310344827587,0.9051724137931034,0.9051724137931034,0.9051724137931034,0.896551724137931,0.896551724137931,0.896551724137931,0.8879310344827587,0.8793103448275862,0.8793103448275862,0.0,0.0,0.0172413793103448,0.8793103448275862,0.8706896551724138,0.8706896551724138,0.8620689655172413,0.853448275862069,0.8620689655172413,0.853448275862069,0.853448275862069,0.8620689655172413,0.8103448275862069,0.8879310344827587,0.8793103448275862,0.8879310344827587,0.896551724137931,0.896551724137931,0.8879310344827587,0.8879310344827587,0.8879310344827587,0.8793103448275862,0.8793103448275862,0.8793103448275862,0.8793103448275862,0.8793103448275862,0.8793103448275862,0.0807692307692307,0.0
87,Surfing,0.8809523809523809,0.7857142857142857,0.7619047619047619,0.7857142857142857,0.9047619047619048,0.873015873015873,0.8888888888888888,0.9285714285714286,0.9285714285714286,0.8333333333333334,0.9285714285714286,0.9285714285714286,0.8333333333333334,0.9285714285714286,0.9285714285714286,0.9682539682539684,0.8888888888888888,0.9761904761904762,0.9523809523809524,0.9365079365079364,0.9365079365079364,0.8809523809523809,0.9047619047619048,0.8809523809523809,0.7857142857142857,0.9047619047619048,0.873015873015873,0.7857142857142857,0.9047619047619048,0.873015873015873,0.8650793650793651,0.873015873015873,0.8333333333333334,0.9523809523809524,0.9285714285714286,0.9126984126984128,0.9761904761904762,0.9603174603174603,0.9523809523809524,0.9761904761904762,0.9603174603174603,0.9523809523809524,0.9761904761904762,0.9603174603174603,0.9444444444444444,0.984126984126984,0.9761904761904762,0.9761904761904762,0.9761904761904762,0.9761904761904762,0.9761904761904762,0.9523809523809524,0.9285714285714286,0.9126984126984128,0.9523809523809524,0.9285714285714286,0.9126984126984128,0.9523809523809524,0.9285714285714286,0.9126984126984128,0.0115384615384615,0.06153846153846154
88,Swing,0.5267175572519084,0.4732824427480916,0.4503816793893129,0.0076335877862595,0.0,0.0305343511450381,0.3969465648854962,0.2824427480916031,0.099236641221374,0.4122137404580153,0.2595419847328244,0.0839694656488549,0.3816793893129771,0.1755725190839694,0.0610687022900763,0.2290076335877862,0.2748091603053435,0.816793893129771,0.816793893129771,0.7633587786259542,0.7709923664122137,0.5267175572519084,0.5267175572519084,0.5267175572519084,0.4732824427480916,0.4732824427480916,0.4732824427480916,0.4503816793893129,0.4503816793893129,0.4503816793893129,0.5725190839694656,0.4885496183206106,0.4885496183206106,0.5267175572519084,0.5038167938931297,0.4427480916030534,0.6717557251908397,0.6183206106870229,0.5648854961832062,0.6717557251908397,0.6259541984732825,0.549618320610687,0.6564885496183206,0.6030534351145038,0.5801526717557252,0.7786259541984732,0.8244274809160306,0.816793893129771,0.7862595419847328,0.8320610687022901,0.8015267175572519,0.5725190839694656,0.5725190839694656,0.5725190839694656,0.5267175572519084,0.5038167938931297,0.4885496183206106,0.5267175572519084,0.5038167938931297,0.4885496183206106,0.0,0.3923076923076923
89,TableTennisShot,0.7142857142857143,0.7142857142857143,0.6214285714285714,0.0,0.0,0.0,0.5785714285714286,0.1071428571428571,0.0928571428571428,0.6,0.1071428571428571,0.1,0.5571428571428572,0.1071428571428571,0.1,0.4714285714285714,0.6142857142857143,0.7714285714285715,0.7571428571428571,0.8071428571428572,0.65,0.7142857142857143,0.7142857142857143,0.7142857142857143,0.7142857142857143,0.7142857142857143,0.7142857142857143,0.6214285714285714,0.6214285714285714,0.6214285714285714,0.8642857142857143,0.8285714285714286,0.8285714285714286,0.0,0.0,0.0,0.6142857142857143,0.6142857142857143,0.6071428571428571,0.6071428571428571,0.6071428571428571,0.6142857142857143,0.6,0.6,0.6142857142857143,0.8928571428571429,0.7928571428571428,0.9142857142857144,0.8714285714285714,0.8928571428571429,0.8785714285714286,0.8642857142857143,0.8642857142857143,0.8642857142857143,0.8285714285714286,0.8285714285714286,0.8285714285714286,0.8285714285714286,0.8285714285714286,0.8285714285714286,0.0,0.05384615384615385
90,TaiChi,0.01,0.0,0.0,0.08,0.13,0.13,0.08,0.13,0.13,0.07,0.11,0.11,0.06,0.1,0.09,0.02,0.04,0.02,0.02,0.02,0.02,0.08,0.13,0.13,0.08,0.13,0.13,0.08,0.13,0.13,0.0,0.0,0.0,0.19,0.13,0.1,0.09,0.07,0.06,0.06,0.05,0.04,0.08,0.05,0.04,0.0,0.03,0.0,0.0,0.0,0.01,0.19,0.13,0.1,0.19,0.13,0.1,0.19,0.13,0.1,0.1576923076923077,0.11153846153846154
91,TennisSwing,0.6987951807228916,0.8132530120481928,0.8313253012048193,0.0,0.0301204819277108,0.1144578313253012,0.2349397590361445,0.1686746987951807,0.3734939759036144,0.2108433734939759,0.144578313253012,0.1746987951807229,0.3493975903614458,0.2590361445783132,0.2349397590361445,0.7349397590361446,0.7951807228915663,0.8012048192771084,0.7590361445783133,0.5602409638554217,0.6626506024096386,0.6987951807228916,0.6987951807228916,0.6987951807228916,0.8132530120481928,0.8132530120481928,0.8132530120481928,0.8313253012048193,0.8313253012048193,0.8313253012048193,0.8433734939759037,0.8253012048192772,0.8253012048192772,0.0481927710843373,0.0120481927710843,0.0060240963855421,0.6204819277108434,0.6144578313253012,0.6927710843373494,0.6445783132530121,0.6325301204819277,0.6144578313253012,0.6325301204819277,0.572289156626506,0.6024096385542169,0.8012048192771084,0.7951807228915663,0.8072289156626506,0.7771084337349398,0.7891566265060241,0.7831325301204819,0.8433734939759037,0.8433734939759037,0.8433734939759037,0.8253012048192772,0.8253012048192772,0.8253012048192772,0.8253012048192772,0.8253012048192772,0.8253012048192772,0.1076923076923077,0.08461538461538462
92,ThrowDiscus,0.0,0.0,0.0,0.0,0.0,0.0,0.0,0.0,0.0,0.0,0.0,0.0,0.0,0.0,0.0,0.023076923076923,0.0076923076923076,0.0,0.0,0.0153846153846153,0.0,0.0,0.0,0.0,0.0,0.0,0.0,0.0,0.0,0.0,0.0,0.0,0.0,0.0,0.0,0.0,0.0,0.0,0.0,0.0076923076923076,0.0076923076923076,0.0,0.0,0.0,0.0,0.0,0.0,0.0,0.0,0.0,0.0,0.0,0.0,0.0,0.0,0.0,0.0,0.0,0.0,0.0,0.0692307692307692,0.015384615384615385
93,TrampolineJumping,0.6722689075630253,0.6134453781512605,0.6470588235294118,0.1428571428571428,0.361344537815126,0.1428571428571428,0.6470588235294118,0.7058823529411765,0.6554621848739496,0.5966386554621849,0.680672268907563,0.6470588235294118,0.6386554621848739,0.7058823529411765,0.6554621848739496,0.4033613445378151,0.3697478991596639,0.6050420168067226,0.6470588235294118,0.7142857142857143,0.6974789915966386,0.6722689075630253,0.6722689075630253,0.6722689075630253,0.6134453781512605,0.6134453781512605,0.6134453781512605,0.6470588235294118,0.6470588235294118,0.6470588235294118,0.6218487394957983,0.5630252100840336,0.5714285714285714,0.0,0.0,0.0,0.4621848739495798,0.4621848739495798,0.4201680672268907,0.4285714285714285,0.4369747899159664,0.4033613445378151,0.4453781512605042,0.4621848739495798,0.4201680672268907,0.7226890756302521,0.6974789915966386,0.680672268907563,0.7394957983193278,0.6638655462184874,0.6638655462184874,0.6218487394957983,0.6218487394957983,0.6218487394957983,0.5630252100840336,0.5630252100840336,0.5630252100840336,0.5714285714285714,0.5714285714285714,0.5714285714285714,0.123076923076923,0.12307692307692308
94,Typing,0.9411764705882352,0.9338235294117648,0.7647058823529411,0.0,0.1838235294117647,0.1838235294117647,0.5367647058823529,0.5441176470588235,0.5367647058823529,0.5367647058823529,0.5735294117647058,0.5735294117647058,0.3970588235294117,0.4485294117647059,0.4632352941176471,0.8602941176470589,0.8897058823529411,0.875,0.9044117647058824,0.875,0.8823529411764706,0.9411764705882352,0.9411764705882352,0.9411764705882352,0.9338235294117648,0.9338235294117648,0.9338235294117648,0.7647058823529411,0.7647058823529411,0.7647058823529411,0.8897058823529411,0.7647058823529411,0.8235294117647058,0.3897058823529412,0.375,0.4117647058823529,0.625,0.6397058823529411,0.6470588235294118,0.5735294117647058,0.5808823529411765,0.5955882352941176,0.5735294117647058,0.5882352941176471,0.5955882352941176,0.7573529411764706,0.7941176470588235,0.7941176470588235,0.8161764705882353,0.8308823529411765,0.8676470588235294,0.8897058823529411,0.8897058823529411,0.8897058823529411,0.7647058823529411,0.7647058823529411,0.7647058823529411,0.8235294117647058,0.8235294117647058,0.8235294117647058,0.0,0.0038461538461538464
95,UnevenBars,0.0,0.0576923076923076,0.0,0.0,0.0,0.0,0.0,0.0384615384615384,0.0096153846153846,0.048076923076923,0.0769230769230769,0.0192307692307692,0.0,0.0096153846153846,0.0096153846153846,0.1346153846153846,0.1346153846153846,0.0192307692307692,0.0,0.3365384615384615,0.4615384615384615,0.0,0.0,0.0,0.0576923076923076,0.0576923076923076,0.0576923076923076,0.0,0.0,0.0,0.0096153846153846,0.0,0.0,0.0,0.0,0.0,0.0,0.0,0.0,0.0,0.0,0.0,0.0,0.0,0.0,0.0192307692307692,0.0,0.0,0.0,0.0,0.0,0.0096153846153846,0.0096153846153846,0.0096153846153846,0.0,0.0,0.0,0.0,0.0,0.0,0.0,0.0038461538461538464
96,VolleyballSpiking,0.0517241379310344,0.0,0.0775862068965517,0.0344827586206896,0.0,0.0,0.0344827586206896,0.0,0.0,0.0172413793103448,0.0,0.0,0.0172413793103448,0.0,0.0,0.5,0.5258620689655172,0.4655172413793103,0.1724137931034483,0.1810344827586207,0.1896551724137931,0.0517241379310344,0.0517241379310344,0.0517241379310344,0.0344827586206896,0.0,0.0,0.0775862068965517,0.0775862068965517,0.0775862068965517,0.4224137931034483,0.3103448275862069,0.293103448275862,0.1034482758620689,0.1034482758620689,0.1034482758620689,0.1293103448275862,0.1982758620689655,0.2068965517241379,0.1206896551724138,0.1206896551724138,0.1293103448275862,0.1120689655172413,0.1206896551724138,0.1293103448275862,0.1293103448275862,0.1206896551724138,0.1379310344827586,0.4482758620689655,0.146551724137931,0.4568965517241379,0.4224137931034483,0.4224137931034483,0.4224137931034483,0.3103448275862069,0.3103448275862069,0.3103448275862069,0.293103448275862,0.293103448275862,0.293103448275862,0.2884615384615384,0.04230769230769231
97,WalkingWithDog,0.3008130081300813,0.3658536585365853,0.3333333333333333,0.016260162601626,0.024390243902439,0.0,0.1138211382113821,0.1138211382113821,0.08130081300813,0.1463414634146341,0.1544715447154471,0.1138211382113821,0.1544715447154471,0.1463414634146341,0.1056910569105691,0.4146341463414634,0.2926829268292683,0.3983739837398374,0.3739837398373983,0.3821138211382114,0.3658536585365853,0.3008130081300813,0.3008130081300813,0.3008130081300813,0.3658536585365853,0.3658536585365853,0.3658536585365853,0.3333333333333333,0.3333333333333333,0.3333333333333333,0.2601626016260163,0.2764227642276423,0.3089430894308943,0.0,0.0,0.024390243902439,0.089430894308943,0.073170731707317,0.032520325203252,0.08130081300813,0.089430894308943,0.048780487804878,0.1138211382113821,0.1138211382113821,0.056910569105691,0.3333333333333333,0.2357723577235772,0.2845528455284553,0.2276422764227642,0.2439024390243902,0.2357723577235772,0.2601626016260163,0.2601626016260163,0.2601626016260163,0.2764227642276423,0.2764227642276423,0.2764227642276423,0.3089430894308943,0.3089430894308943,0.3089430894308943,0.0,0.04230769230769231
98,WallPushups,0.0,0.0153846153846153,0.023076923076923,0.0,0.0,0.0076923076923076,0.0,0.0,0.0,0.0,0.0,0.0384615384615384,0.0,0.0,0.0,0.0,0.0,0.0,0.0,0.0,0.0,0.0,0.0,0.0076923076923076,0.0153846153846153,0.0153846153846153,0.0153846153846153,0.023076923076923,0.023076923076923,0.023076923076923,0.0,0.0,0.0,0.0,0.0,0.0,0.0,0.0,0.0,0.0,0.0,0.0,0.0,0.0,0.0,0.023076923076923,0.0,0.0,0.0,0.0,0.0,0.0,0.0,0.0,0.0,0.0,0.0,0.0,0.0,0.0,0.2076923076923077,0.17307692307692307
99,WritingOnBoard,0.0131578947368421,0.2828947368421052,0.2763157894736842,0.0789473684210526,0.006578947368421,0.0592105263157894,0.0394736842105263,0.006578947368421,0.0526315789473684,0.1907894736842105,0.1842105263157894,0.2368421052631578,0.1907894736842105,0.1776315789473684,0.25,0.125,0.1184210526315789,0.0789473684210526,0.1513157894736842,0.1447368421052631,0.0986842105263157,0.0789473684210526,0.0131578947368421,0.0592105263157894,0.2828947368421052,0.2828947368421052,0.2828947368421052,0.2763157894736842,0.2763157894736842,0.2763157894736842,0.1578947368421052,0.3486842105263157,0.5394736842105263,0.5460526315789473,0.4013157894736842,0.506578947368421,0.5526315789473685,0.4210526315789473,0.5197368421052632,0.5855263157894737,0.4868421052631579,0.5986842105263158,0.7171052631578947,0.6118421052631579,0.6644736842105263,0.2894736842105263,0.2960526315789473,0.2631578947368421,0.2631578947368421,0.1184210526315789,0.1973684210526315,0.5460526315789473,0.4013157894736842,0.506578947368421,0.5460526315789473,0.4013157894736842,0.506578947368421,0.5460526315789473,0.5394736842105263,0.5394736842105263,0.1923076923076923,0.09230769230769231
100,YoYo,0.0,0.0,0.0,0.0,0.0,0.0,0.0,0.0,0.0,0.0,0.0,0.0,0.0,0.0,0.0,0.0,0.0,0.0,0.0,0.0,0.0,0.0,0.0,0.0,0.0,0.0,0.0,0.0,0.0,0.0,0.0,0.0,0.0,0.0,0.0,0.0,0.0,0.0,0.0,0.0,0.0,0.0,0.0,0.0,0.0,0.015625,0.0078125,0.0078125,0.0078125,0.0078125,0.0078125,0.0,0.0,0.0,0.0,0.0,0.0,0.0,0.0,0.0,0.0153846153846153,0.023076923076923078
